URL,MatchDateTime,Station,Show,IAShowID,IAPreviewThumb,Snippet
https://archive.org/details/MSNBCW_20160928_190000_The_Place_for_Politics_2016#start/1929/end/1964,9/28/2016 19:32:24,MSNBC,The Place for Politics 2016,MSNBCW_20160928_190000_The_Place_for_Politics_2016,https://archive.org/download/MSNBCW_20160928_190000_The_Place_for_Politics_2016/MSNBCW_20160928_190000_The_Place_for_Politics_2016.thumbs/MSNBCW_20160928_190000_The_Place_for_Politics_2016_001917.jpg,"[ applause ] climate change israel and"
https://archive.org/details/MSNBCW_20160903_093000_Your_Business#start/1238/end/1273,9/3/2016 9:50:53,MSNBC,Your Business,MSNBCW_20160903_093000_Your_Business,https://archive.org/download/MSNBCW_20160903_093000_Your_Business/MSNBCW_20160903_093000_Your_Business.thumbs/MSNBCW_20160903_093000_Your_Business_001227.jpg,"confidence, whether developed or developing countries, that a low carbon future is where the world is heading. of course, the paris agreement alone won't solve the climate crisis."
https://archive.org/details/MSNBCW_20160907_180000_The_Place_for_Politics_2016#start/652/end/687,9/7/2016 18:11:07,MSNBC,The Place for Politics 2016,MSNBCW_20160907_180000_The_Place_for_Politics_2016,https://archive.org/download/MSNBCW_20160907_180000_The_Place_for_Politics_2016/MSNBCW_20160907_180000_The_Place_for_Politics_2016.thumbs/MSNBCW_20160907_180000_The_Place_for_Politics_2016_000628.jpg,"one issue that has not been discussed to date and amongst the retired generals and the admirals is the climate change. that you had over 50 retired officers sign a letter saying we need to consider climate change as a national security issue because climate change is going"
https://archive.org/details/MSNBCW_20160928_230000_Hardball_With_Chris_Matthews#start/1743/end/1778,9/28/2016 23:29:18,MSNBC,Hardball With Chris Matthews,MSNBCW_20160928_230000_Hardball_With_Chris_Matthews,https://archive.org/download/MSNBCW_20160928_230000_Hardball_With_Chris_Matthews/MSNBCW_20160928_230000_Hardball_With_Chris_Matthews.thumbs/MSNBCW_20160928_230000_Hardball_With_Chris_Matthews_001738.jpg,"i'm from maine and i'm a tune here. this is a question for governor johnson. what are your thoughts on come batting climate change as well as potentially moving toward a more stufl sufficient country in the future? climate change."
https://archive.org/details/MSNBCW_20160927_020000_NBC_News_Special_2016_Presidential_Debate_1#start/1561/end/1596,9/27/2016 2:26:16,MSNBC,NBC News Special 2016 Presidential Debate 1,MSNBCW_20160927_020000_NBC_News_Special_2016_Presidential_Debate_1,https://archive.org/download/MSNBCW_20160927_020000_NBC_News_Special_2016_Presidential_Debate_1/MSNBCW_20160927_020000_NBC_News_Special_2016_Presidential_Debate_1.thumbs/MSNBCW_20160927_020000_NBC_News_Special_2016_Presidential_Debate_1_001557.jpg,"all. not an accurate one. i want to give a lot of things. i agree with her on one thing. the single greatest problem the world has is nuclear armament, nuclear weapons. not global warming, like you"
https://archive.org/details/MSNBCW_20160927_190000_The_Place_for_Politics_2016#start/1876/end/1911,9/27/2016 19:31:31,MSNBC,The Place for Politics 2016,MSNBCW_20160927_190000_The_Place_for_Politics_2016,https://archive.org/download/MSNBCW_20160927_190000_The_Place_for_Politics_2016/MSNBCW_20160927_190000_The_Place_for_Politics_2016.thumbs/MSNBCW_20160927_190000_The_Place_for_Politics_2016_001857.jpg,"so those jobs are here to stay. not correct thousands of jobs leaving michigan and ohio, as he said? that's completely wrong. i want to play one more section. this is where clinton was pressing trump on previous statements about climate change. donald thinks climate change"
https://archive.org/details/MSNBCW_20160927_140000_The_Place_for_Politics_2016#start/2423/end/2458,9/27/2016 14:40:38,MSNBC,The Place for Politics 2016,MSNBCW_20160927_140000_The_Place_for_Politics_2016,https://archive.org/download/MSNBCW_20160927_140000_The_Place_for_Politics_2016/MSNBCW_20160927_140000_The_Place_for_Politics_2016.thumbs/MSNBCW_20160927_140000_The_Place_for_Politics_2016_002397.jpg,"with younger voters. why not? i think a lot of what she talked about in the contrast will resonate with the millennial voters. what she talked about in terms of what donald trump said about climate change, the denial of climate change, her comments"
https://archive.org/details/MSNBCW_20160928_230000_Hardball_With_Chris_Matthews#start/943/end/978,9/28/2016 23:15:58,MSNBC,Hardball With Chris Matthews,MSNBCW_20160928_230000_Hardball_With_Chris_Matthews,https://archive.org/download/MSNBCW_20160928_230000_Hardball_With_Chris_Matthews/MSNBCW_20160928_230000_Hardball_With_Chris_Matthews.thumbs/MSNBCW_20160928_230000_Hardball_With_Chris_Matthews_000928.jpg,"long gone. i've been to kilimanjaro. they're still a long ways. okay. you've been up there. let's talk about your first hand report on the top of kilimanjaro. do you think climate change is"
https://archive.org/details/MSNBCW_20160929_050000_JohnsonWeld_Town_Hall#start/1730/end/1765,9/29/2016 5:29:05,MSNBC,JohnsonWeld Town Hall,MSNBCW_20160929_050000_JohnsonWeld_Town_Hall,https://archive.org/download/MSNBCW_20160929_050000_JohnsonWeld_Town_Hall/MSNBCW_20160929_050000_JohnsonWeld_Town_Hall.thumbs/MSNBCW_20160929_050000_JohnsonWeld_Town_Hall_001347.jpg,"health issue rather than a criminal justice issue. i'm from maine and i'm a tune here. this is a question for governor johnson. what are your thoughts on come batting climate change as well"
https://archive.org/details/MSNBCW_20160929_050000_JohnsonWeld_Town_Hall#start/1780/end/1815,9/29/2016 5:29:55,MSNBC,JohnsonWeld Town Hall,MSNBCW_20160929_050000_JohnsonWeld_Town_Hall,https://archive.org/download/MSNBCW_20160929_050000_JohnsonWeld_Town_Hall/MSNBCW_20160929_050000_JohnsonWeld_Town_Hall.thumbs/MSNBCW_20160929_050000_JohnsonWeld_Town_Hall_001347.jpg,"why would you build a coal plan when as depressed the price of coal is right now, you can build a gas fire plant for less. how many here are concerned about climate change? pretty unanimous."
https://archive.org/details/MSNBCW_20160903_110000_MSNBC_Live#start/693/end/728,9/3/2016 11:11:48,MSNBC,MSNBC Live,MSNBCW_20160903_110000_MSNBC_Live,https://archive.org/download/MSNBCW_20160903_110000_MSNBC_Live/MSNBCW_20160903_110000_MSNBC_Live.thumbs/MSNBCW_20160903_110000_MSNBC_Live_000687.jpg,"way that makes it very difficult for us to deal with all the other challenges we have. ron allen joins me live from china. already a busy morning. can you put into perspective how big this is with respect to fighting climate change."
https://archive.org/details/MSNBCW_20160918_140000_AM_Joy#start/3001/end/3036,9/18/2016 14:50:16,MSNBC,AM Joy,MSNBCW_20160918_140000_AM_Joy,https://archive.org/download/MSNBCW_20160918_140000_AM_Joy/MSNBCW_20160918_140000_AM_Joy.thumbs/MSNBCW_20160918_140000_AM_Joy_002997.jpg,"untrustworthy. can he turn that around? and change their minds. you know what bernie said to me, who i've known since the jackson campaign. bernie said, donna, they want to hear the issues, they want to hear about climate change."
https://archive.org/details/MSNBCW_20160927_090000_First_Look#start/54/end/89,9/27/2016 9:01:09,MSNBC,First Look,MSNBCW_20160927_090000_First_Look,https://archive.org/download/MSNBCW_20160927_090000_First_Look/MSNBCW_20160927_090000_First_Look.thumbs/MSNBCW_20160927_090000_First_Look_000057.jpg,"and i think that's a good thing. after more than a year of cam paning donald trump and hillary clinton share the national stage for the first time fare a fiery debate. everything from tax returns, climate change, hillary"
https://archive.org/details/MSNBCW_20160927_160000_The_Place_for_Politics_2016#start/1311/end/1346,9/27/2016 16:22:06,MSNBC,The Place for Politics 2016,MSNBCW_20160927_160000_The_Place_for_Politics_2016,https://archive.org/download/MSNBCW_20160927_160000_The_Place_for_Politics_2016/MSNBCW_20160927_160000_The_Place_for_Politics_2016.thumbs/MSNBCW_20160927_160000_The_Place_for_Politics_2016_001287.jpg,"i think hillary clinton demonstrated a level of preparedness last night that trump didn't. you raise an interesting point in terms of his need and desire to expand his base of support. one of the issues that was striking was climate change."
https://archive.org/details/MSNBCW_20160925_190000_The_Place_for_Politics_2016#start/3334/end/3369,9/25/2016 19:55:49,MSNBC,The Place for Politics 2016,MSNBCW_20160925_190000_The_Place_for_Politics_2016,https://archive.org/download/MSNBCW_20160925_190000_The_Place_for_Politics_2016/MSNBCW_20160925_190000_The_Place_for_Politics_2016.thumbs/MSNBCW_20160925_190000_The_Place_for_Politics_2016_003327.jpg,"think national security, which is what they're going to be talking about on monday, is definitely an issue more republican students care about. yes. absolutely. i actually disagree. i think a lot of, you know, people in our generation, they care a lot about climate change."
https://archive.org/details/MSNBCW_20160927_100000_Morning_Joe#start/9959/end/9994,9/27/2016 12:46:14,MSNBC,Morning Joe,MSNBCW_20160927_100000_Morning_Joe,https://archive.org/download/MSNBCW_20160927_100000_Morning_Joe/MSNBCW_20160927_100000_Morning_Joe.thumbs/MSNBCW_20160927_100000_Morning_Joe_009958.jpg,"despite the attack on donald trump last night, historically different positions on climate change, social media was quick to pick up on trump's 2012 tweet, which reads the concept of global warming was created by"
https://archive.org/details/MSNBCW_20160902_220000_With_All_Due_Respect#start/3232/end/3267,9/2/2016 22:54:07,MSNBC,With All Due Respect,MSNBCW_20160902_220000_With_All_Due_Respect,https://archive.org/download/MSNBCW_20160902_220000_With_All_Due_Respect/MSNBCW_20160902_220000_With_All_Due_Respect.thumbs/MSNBCW_20160902_220000_With_All_Due_Respect_003208.jpg,"worked really hard to make sure that we come together. i think you will see that. we saw that in our delegation. of course you will get people yelling here and there. it's a convention. it's the democratic party. i think overall, this notion that people that want to do something about climate change"
https://archive.org/details/MSNBCW_20160928_100000_Morning_Joe#start/10709/end/10744,9/28/2016 12:58:44,MSNBC,Morning Joe,MSNBCW_20160928_100000_Morning_Joe,https://archive.org/download/MSNBCW_20160928_100000_Morning_Joe/MSNBCW_20160928_100000_Morning_Joe.thumbs/MSNBCW_20160928_100000_Morning_Joe_010707.jpg,"today in washington, the ministerial on global warming and climate change, and i think that you should go online and see much more of that because we'll have ab extended version. no doubt about it. mike, what did you learn today? donald trump's reference to"
https://archive.org/details/MSNBCW_20160928_070000_All_In_With_Chris_Hayes#start/335/end/370,9/28/2016 7:05:50,MSNBC,All In With Chris Hayes,MSNBCW_20160928_070000_All_In_With_Chris_Hayes,https://archive.org/download/MSNBCW_20160928_070000_All_In_With_Chris_Hayes/MSNBCW_20160928_070000_All_In_With_Chris_Hayes.thumbs/MSNBCW_20160928_070000_All_In_With_Chris_Hayes_000327.jpg,"they did bad work and denied having described climate change as a hoax perpetrated by the chinese despite this still live tweet by trump the concept of global warming was created by the chinese. then in defending his decision to not release tax returns"
https://archive.org/details/MSNBCW_20160921_093000_Way_Too_Early#start/1243/end/1278,9/21/2016 9:50:58,MSNBC,Way Too Early,MSNBCW_20160921_093000_Way_Too_Early,https://archive.org/download/MSNBCW_20160921_093000_Way_Too_Early/MSNBCW_20160921_093000_Way_Too_Early.thumbs/MSNBCW_20160921_093000_Way_Too_Early_001228.jpg,"climate change around the globe. and there's no such thing as global warming, right? yeah. harder and harder to make that argument. absolutely. thank you, bill. before we go to break, let's get a quick look at the stories we're not covering today. you may have heard the power"
https://archive.org/details/MSNBCW_20160903_120000_MSNBC_Live#start/798/end/833,9/3/2016 12:13:33,MSNBC,MSNBC Live,MSNBCW_20160903_120000_MSNBC_Live,https://archive.org/download/MSNBCW_20160903_120000_MSNBC_Live/MSNBCW_20160903_120000_MSNBC_Live.thumbs/MSNBCW_20160903_120000_MSNBC_Live_000777.jpg,"well, president obama has invested a lot in this whole issue of climate change. remember, some of his critics in the united states and elsewhere around the world don't believe that this phenomenon of global warming even exists, so he has pushed hard. he has tried to forge the paris"
https://archive.org/details/MSNBCW_20160928_100000_Morning_Joe#start/10299/end/10334,9/28/2016 12:51:54,MSNBC,Morning Joe,MSNBCW_20160928_100000_Morning_Joe,https://archive.org/download/MSNBCW_20160928_100000_Morning_Joe/MSNBCW_20160928_100000_Morning_Joe.thumbs/MSNBCW_20160928_100000_Morning_Joe_010287.jpg,"i was just going to ask. dr. mathis, is what's happening up in the arctic, is that not just a leading indicator of what faces all of us if we don't take the appropriate steps to curb climate change and global warming? absolutely. absolutely. the arctic is giving us a pulse"
https://archive.org/details/MSNBCW_20160928_100000_Morning_Joe#start/10346/end/10381,9/28/2016 12:52:41,MSNBC,Morning Joe,MSNBCW_20160928_100000_Morning_Joe,https://archive.org/download/MSNBCW_20160928_100000_Morning_Joe/MSNBCW_20160928_100000_Morning_Joe.thumbs/MSNBCW_20160928_100000_Morning_Joe_010347.jpg,"you have the president of the united states right now, president obama, wanting to make this a significant part of his legacy and then you've got donald trump. take a look. do you believe in global warming, climate change? do you think the world's going to change for the worst because it's getting warmer?"
https://archive.org/details/MSNBCW_20160927_210000_MTP_Daily#start/288/end/323,9/27/2016 21:05:03,MSNBC,MTP Daily,MSNBCW_20160927_210000_MTP_Daily,https://archive.org/download/MSNBCW_20160927_210000_MTP_Daily/MSNBCW_20160927_210000_MTP_Daily.thumbs/MSNBCW_20160927_210000_MTP_Daily_000267.jpg,"trochl trump as a misogynist. they are struggling to figure out what he said. here with kellyanne conway. he believes that climate"
https://archive.org/details/MSNBCW_20160930_000000_All_In_With_Chris_Hayes#start/2527/end/2562,9/30/2016 0:42:22,MSNBC,All In With Chris Hayes,MSNBCW_20160930_000000_All_In_With_Chris_Hayes,https://archive.org/download/MSNBCW_20160930_000000_All_In_With_Chris_Hayes/MSNBCW_20160930_000000_All_In_With_Chris_Hayes.thumbs/MSNBCW_20160930_000000_All_In_With_Chris_Hayes_002517.jpg,"donald trump's tweet is still up where he proclaims the concept of global warming was created by and for the chinese to make u.s. manufacturing noncompetitive. in fact, he called global warming a hoax on numerous occasion, documented. donald trump isn't the only one buying into this particular conspiracy theory, a very"
https://archive.org/details/MSNBCW_20160927_050000_Live_Post_Debate#start/1070/end/1105,9/27/2016 5:18:05,MSNBC,Live Post Debate,MSNBCW_20160927_050000_Live_Post_Debate,https://archive.org/download/MSNBCW_20160927_050000_Live_Post_Debate/MSNBCW_20160927_050000_Live_Post_Debate.thumbs/MSNBCW_20160927_050000_Live_Post_Debate_001047.jpg,"he was in typical form, reacting and combative. he repeatedly interrupted and hillary clinton in the middle of her answers remained steady and control. this is quite objective. donald thinks that climate"
https://archive.org/details/MSNBCW_20160927_150000_The_Place_for_Politics_2016#start/1715/end/1750,9/27/2016 15:28:50,MSNBC,The Place for Politics 2016,MSNBCW_20160927_150000_The_Place_for_Politics_2016,https://archive.org/download/MSNBCW_20160927_150000_The_Place_for_Politics_2016/MSNBCW_20160927_150000_The_Place_for_Politics_2016.thumbs/MSNBCW_20160927_150000_The_Place_for_Politics_2016_001707.jpg,"change. here's what he said on the debate stage last night. take clean energy, some country is going to be the clean energy super power of the 21st century. donald thinks that climate"
https://archive.org/details/MSNBCW_20160927_150000_The_Place_for_Politics_2016#start/1701/end/1736,9/27/2016 15:28:36,MSNBC,The Place for Politics 2016,MSNBCW_20160927_150000_The_Place_for_Politics_2016,https://archive.org/download/MSNBCW_20160927_150000_The_Place_for_Politics_2016/MSNBCW_20160927_150000_The_Place_for_Politics_2016.thumbs/MSNBCW_20160927_150000_The_Place_for_Politics_2016_001677.jpg,"trainen, a former senior advisor to george w. bush and dick cheney. robert, let me start with you. donald trump, one of the most retweeted was this tweet from donald trump about climate"
https://archive.org/details/MSNBCW_20160927_090000_First_Look#start/2441/end/2476,9/27/2016 9:40:56,MSNBC,First Look,MSNBCW_20160927_090000_First_Look,https://archive.org/download/MSNBCW_20160927_090000_First_Look/MSNBCW_20160927_090000_First_Look.thumbs/MSNBCW_20160927_090000_First_Look_002427.jpg,"however they also note trump has repeatedly called climate change a hoax in speeches, tweets and media appearances and rate trump's claim he called climate change a hoax amostly false. 'washington post' says there is new evidence linking donald"
https://archive.org/details/MSNBCW_20160927_140000_The_Place_for_Politics_2016#start/3000/end/3035,9/27/2016 14:50:15,MSNBC,The Place for Politics 2016,MSNBCW_20160927_140000_The_Place_for_Politics_2016,https://archive.org/download/MSNBCW_20160927_140000_The_Place_for_Politics_2016/MSNBCW_20160927_140000_The_Place_for_Politics_2016.thumbs/MSNBCW_20160927_140000_The_Place_for_Politics_2016_002997.jpg,"in the world. our diversity is a strength. i am excited about helping to pull our country together, set some big goals on infrastructure and advanced manufacturing and clean energy to take on climate"
https://archive.org/details/MSNBCW_20160904_180000_Meet_the_Press#start/2252/end/2287,9/4/2016 18:37:47,MSNBC,Meet the Press,MSNBCW_20160904_180000_Meet_the_Press,https://archive.org/download/MSNBCW_20160904_180000_Meet_the_Press/MSNBCW_20160904_180000_Meet_the_Press.thumbs/MSNBCW_20160904_180000_Meet_the_Press_002247.jpg,"extingui tuition free. which candidate is going to do something about climate change, which is hillary clinton and which candidate doesn't even acknowledge the reality of climate change, which is donald trump. which candidate is going to create billions of jobs and deal"
https://archive.org/details/MSNBCW_20160901_013100_The_Rachel_Maddow_Show#start/889/end/924,9/1/2016 1:46:04,MSNBC,The Rachel Maddow Show,MSNBCW_20160901_013100_The_Rachel_Maddow_Show,https://archive.org/download/MSNBCW_20160901_013100_The_Rachel_Maddow_Show/MSNBCW_20160901_013100_The_Rachel_Maddow_Show.thumbs/MSNBCW_20160901_013100_The_Rachel_Maddow_Show_000867.jpg,"russia, it's not china, it's global warming. to all the politicians, donors, and special interests, hear"
https://archive.org/details/MSNBCW_20160913_190000_The_Place_for_Politics_2016#start/2494/end/2529,9/13/2016 19:41:49,MSNBC,The Place for Politics 2016,MSNBCW_20160913_190000_The_Place_for_Politics_2016,https://archive.org/download/MSNBCW_20160913_190000_The_Place_for_Politics_2016/MSNBCW_20160913_190000_The_Place_for_Politics_2016.thumbs/MSNBCW_20160913_190000_The_Place_for_Politics_2016_002487.jpg,"problems? it's a marketplace. you know, when president clinton started it, he used to go to thought market meetings in davos and realized people were coming with great ideas, talking about what they could do about climate"
https://archive.org/details/MSNBCW_20160927_210000_MTP_Daily#start/2496/end/2531,9/27/2016 21:41:51,MSNBC,MTP Daily,MSNBCW_20160927_210000_MTP_Daily,https://archive.org/download/MSNBCW_20160927_210000_MTP_Daily/MSNBCW_20160927_210000_MTP_Daily.thumbs/MSNBCW_20160927_210000_MTP_Daily_002487.jpg,"83% of the population can send their kids to a public college or university tuition-free and clinton has a proposal to reduce student debt. add to that the fact that donald trump's position on climate"
https://archive.org/details/MSNBCW_20160927_130000_The_Place_for_Politics_2016#start/2156/end/2191,9/27/2016 13:36:11,MSNBC,The Place for Politics 2016,MSNBCW_20160927_130000_The_Place_for_Politics_2016,https://archive.org/download/MSNBCW_20160927_130000_The_Place_for_Politics_2016/MSNBCW_20160927_130000_The_Place_for_Politics_2016.thumbs/MSNBCW_20160927_130000_The_Place_for_Politics_2016_002157.jpg,"donald being donald. first, another fact check. angie holan is back. our next topic, hillary clinton hitting trump on climate change. donald thinks that climate change is a hoax perpetrated by the chinese. i think it's real. i did not. i do not say that."
https://archive.org/details/MSNBCW_20160927_190000_The_Place_for_Politics_2016#start/1907/end/1942,9/27/2016 19:32:02,MSNBC,The Place for Politics 2016,MSNBCW_20160927_190000_The_Place_for_Politics_2016,https://archive.org/download/MSNBCW_20160927_190000_The_Place_for_Politics_2016/MSNBCW_20160927_190000_The_Place_for_Politics_2016.thumbs/MSNBCW_20160927_190000_The_Place_for_Politics_2016_001887.jpg,"i think it's like eight or nine times he made references to china being -- creating climate change as a hoax and climate change as a hoax. he would tweet about bad winter storms and say it was a hoax. he now claims that china comment"
https://archive.org/details/MSNBCW_20160901_010000_The_Rachel_Maddow_Show#start/2785/end/2820,9/1/2016 1:46:40,MSNBC,The Rachel Maddow Show,MSNBCW_20160901_010000_The_Rachel_Maddow_Show,https://archive.org/download/MSNBCW_20160901_010000_The_Rachel_Maddow_Show/MSNBCW_20160901_010000_The_Rachel_Maddow_Show.thumbs/MSNBCW_20160901_010000_The_Rachel_Maddow_Show_002757.jpg,"nuclear, it's not isis, it's not russia, it's not china, it's global warming. to all the politicians, donors,"
https://archive.org/details/MSNBCW_20160926_220000_All_In_With_Chris_Hayes#start/2332/end/2367,9/26/2016 22:39:07,MSNBC,All In With Chris Hayes,MSNBCW_20160926_220000_All_In_With_Chris_Hayes,https://archive.org/download/MSNBCW_20160926_220000_All_In_With_Chris_Hayes/MSNBCW_20160926_220000_All_In_With_Chris_Hayes.thumbs/MSNBCW_20160926_220000_All_In_With_Chris_Hayes_002307.jpg,"brazil. thank you. all right, i'm joined now by john la val, trump surrogate and regional vice chair of the new york state gop. on this issue of substance, are we going to see, for instance, d donna just mentioned climate"
https://archive.org/details/MSNBCW_20160928_100000_Morning_Joe#start/10189/end/10224,9/28/2016 12:50:04,MSNBC,Morning Joe,MSNBCW_20160928_100000_Morning_Joe,https://archive.org/download/MSNBCW_20160928_100000_Morning_Joe/MSNBCW_20160928_100000_Morning_Joe.thumbs/MSNBCW_20160928_100000_Morning_Joe_010167.jpg,"climate change. that was president obama a year ago when he became the first sitting president to visit the u.s. arctic. a trip designed to make the rest of the country more aware of climate change. nearly one year later science ministers from around the globe will gather in washington for the first ever white house"
https://archive.org/details/MSNBCW_20160928_100000_Morning_Joe#start/9361/end/9396,9/28/2016 12:36:16,MSNBC,Morning Joe,MSNBCW_20160928_100000_Morning_Joe,https://archive.org/download/MSNBCW_20160928_100000_Morning_Joe/MSNBCW_20160928_100000_Morning_Joe.thumbs/MSNBCW_20160928_100000_Morning_Joe_009357.jpg,"know stall beginning for this era that we all should return back to. manufacturing jobs are not the jobs that they're thinking about out of college. they're thinking about climate change and its effect and the kind of jobs that climate change can bring. a lot of people we talked to after the debate said they were incredibly disappointed that"
https://archive.org/details/MSNBCW_20160927_050000_Live_Post_Debate#start/1180/end/1215,9/27/2016 5:19:55,MSNBC,Live Post Debate,MSNBCW_20160927_050000_Live_Post_Debate,https://archive.org/download/MSNBCW_20160927_050000_Live_Post_Debate/MSNBCW_20160927_050000_Live_Post_Debate.thumbs/MSNBCW_20160927_050000_Live_Post_Debate_001167.jpg,"the concept of global warming was created by and for the chinese to make u.s. manufacturing noncompetitive. why would he deny that? for somebody in the media as"
https://archive.org/details/MSNBCW_20160924_140000_AM_Joy#start/6531/end/6566,9/24/2016 15:49:06,MSNBC,AM Joy,MSNBCW_20160924_140000_AM_Joy,https://archive.org/download/MSNBCW_20160924_140000_AM_Joy/MSNBCW_20160924_140000_AM_Joy.thumbs/MSNBCW_20160924_140000_AM_Joy_006507.jpg,"said he melt with frank luntz who said global warming is god giving the earth a hug and what frank said to cam newton is deracialize and be post racial"
https://archive.org/details/MSNBCW_20160927_090000_First_Look#start/2251/end/2286,9/27/2016 9:37:46,MSNBC,First Look,MSNBCW_20160927_090000_First_Look,https://archive.org/download/MSNBCW_20160927_090000_First_Look/MSNBCW_20160927_090000_First_Look.thumbs/MSNBCW_20160927_090000_First_Look_002247.jpg,"the world has is nuclear armament, nuclear weapons. not global warming, like you think and your president thinks. trump later addressed his choice of words after the debate. well, he's everybody's"
https://archive.org/details/MSNBCW_20160927_160000_The_Place_for_Politics_2016#start/1340/end/1375,9/27/2016 16:22:35,MSNBC,The Place for Politics 2016,MSNBCW_20160927_160000_The_Place_for_Politics_2016,https://archive.org/download/MSNBCW_20160927_160000_The_Place_for_Politics_2016/MSNBCW_20160927_160000_The_Place_for_Politics_2016.thumbs/MSNBCW_20160927_160000_The_Place_for_Politics_2016_001317.jpg,"the concept of global warming was created by and for the chinese in order to make u.s. manufacturing noncompetitive. it was a retweeted tweet during last night's debateful then his"
https://archive.org/details/MSNBCW_20160905_060000_Meet_the_Press#start/2194/end/2229,9/5/2016 6:36:49,MSNBC,Meet the Press,MSNBCW_20160905_060000_Meet_the_Press,https://archive.org/download/MSNBCW_20160905_060000_Meet_the_Press/MSNBCW_20160905_060000_Meet_the_Press.thumbs/MSNBCW_20160905_060000_Meet_the_Press_002188.jpg,"candidate doesn't acknowledge the reality of climate change which is donald trump? which condition daandidate wille"
https://archive.org/details/MSNBCW_20160905_190000_MSNBC_Live#start/3107/end/3142,9/5/2016 19:52:02,MSNBC,MSNBC Live,MSNBCW_20160905_190000_MSNBC_Live,https://archive.org/download/MSNBCW_20160905_190000_MSNBC_Live/MSNBCW_20160905_190000_MSNBC_Live.thumbs/MSNBCW_20160905_190000_MSNBC_Live_003087.jpg,"global warming increases that beyond labor day and memorial day. i love that you got fashion mixed in with an environmental message. msnbc is diverseifying. you're welcome. all right. up next, east coast residents"
https://archive.org/details/MSNBCW_20160928_100000_Morning_Joe#start/9914/end/9949,9/28/2016 12:45:29,MSNBC,Morning Joe,MSNBCW_20160928_100000_Morning_Joe,https://archive.org/download/MSNBCW_20160928_100000_Morning_Joe/MSNBCW_20160928_100000_Morning_Joe.thumbs/MSNBCW_20160928_100000_Morning_Joe_009897.jpg,"of forbes magazine. thank you, randall. i want to see the letter when he writes it. still ahead on 'morning joe' -- the single greatest problem the world has is nuclear armament, nuclear weapons, not global warming like you think"
https://archive.org/details/MSNBCW_20160928_000000_All_In_With_Chris_Hayes#start/338/end/373,9/28/2016 0:05:53,MSNBC,All In With Chris Hayes,MSNBCW_20160928_000000_All_In_With_Chris_Hayes,https://archive.org/download/MSNBCW_20160928_000000_All_In_With_Chris_Hayes/MSNBCW_20160928_000000_All_In_With_Chris_Hayes.thumbs/MSNBCW_20160928_000000_All_In_With_Chris_Hayes_000328.jpg,"tweet by trump the concept of global warming was created by the chinese. then in defending his decision to not release tax returns saying he doesn't pay any taxes. saying that makes me smart. a comment he later denied"
https://archive.org/details/MSNBCW_20160919_100000_Morning_Joe#start/8512/end/8547,9/19/2016 12:22:07,MSNBC,Morning Joe,MSNBCW_20160919_100000_Morning_Joe,https://archive.org/download/MSNBCW_20160919_100000_Morning_Joe/MSNBCW_20160919_100000_Morning_Joe.thumbs/MSNBCW_20160919_100000_Morning_Joe_008488.jpg,"i mean, isil, north korea, poverty, climate change. none of those things weighed on my mind like the validity of my birth certificate."
https://archive.org/details/MSNBCW_20160927_070000_NBC_News_Special_2016_Presidential_Debate_1#start/1580/end/1615,9/27/2016 7:26:35,MSNBC,NBC News Special 2016 Presidential Debate 1,MSNBCW_20160927_070000_NBC_News_Special_2016_Presidential_Debate_1,https://archive.org/download/MSNBCW_20160927_070000_NBC_News_Special_2016_Presidential_Debate_1/MSNBCW_20160927_070000_NBC_News_Special_2016_Presidential_Debate_1.thumbs/MSNBCW_20160927_070000_NBC_News_Special_2016_Presidential_Debate_1_001557.jpg,"i want to give a lot of things. just to respond. i agree with her on one thing. the single greatest problem the world has is nuclear armament, nuclear weapons. not global warming, like you think and your president thinks."
https://archive.org/details/MSNBCW_20160927_210000_MTP_Daily#start/319/end/354,9/27/2016 21:05:34,MSNBC,MTP Daily,MSNBCW_20160927_210000_MTP_Daily,https://archive.org/download/MSNBCW_20160927_210000_MTP_Daily/MSNBCW_20160927_210000_MTP_Daily.thumbs/MSNBCW_20160927_210000_MTP_Daily_000297.jpg,"president and vice president of the united states believe that global warming is man made? there is no question that, that, that the activities that take place in countries around the world have impact on the environment and some impact on"
https://archive.org/details/MSNBCW_20160905_120000_MSNBC_Live#start/540/end/575,9/5/2016 12:09:15,MSNBC,MSNBC Live,MSNBCW_20160905_120000_MSNBC_Live,https://archive.org/download/MSNBCW_20160905_120000_MSNBC_Live/MSNBCW_20160905_120000_MSNBC_Live.thumbs/MSNBCW_20160905_120000_MSNBC_Live_000537.jpg,"solutions fast enough for the scale of the problems, whether it's migrants and refugees or climate change or terrorism or making sure the international"
https://archive.org/details/MSNBCW_20160905_110000_Meet_the_Press#start/1865/end/1900,9/5/2016 11:31:20,MSNBC,Meet the Press,MSNBCW_20160905_110000_Meet_the_Press,https://archive.org/download/MSNBCW_20160905_110000_Meet_the_Press/MSNBCW_20160905_110000_Meet_the_Press.thumbs/MSNBCW_20160905_110000_Meet_the_Press_001857.jpg,"issues, including climate change, global health and development, peacekeeping, counter narcotics and nuclear security. we also addressed our differences on issues like religious freedom, maretime"
https://archive.org/details/MSNBCW_20160925_200000_The_Place_for_Politics_2016#start/2781/end/2816,9/25/2016 20:46:36,MSNBC,The Place for Politics 2016,MSNBCW_20160925_200000_The_Place_for_Politics_2016,https://archive.org/download/MSNBCW_20160925_200000_The_Place_for_Politics_2016/MSNBCW_20160925_200000_The_Place_for_Politics_2016.thumbs/MSNBCW_20160925_200000_The_Place_for_Politics_2016_002758.jpg,"carbon tax, which i don't agree with. if you legitimize a third party vote it hurts the par any in the long run because gary johnson has views on the economy more similar to the republican party. they're closer and will hurt the republican party more. jesse, what common ground do"
https://archive.org/details/MSNBCW_20160927_100000_Morning_Joe#start/9899/end/9934,9/27/2016 12:45:14,MSNBC,Morning Joe,MSNBCW_20160927_100000_Morning_Joe,https://archive.org/download/MSNBCW_20160927_100000_Morning_Joe/MSNBCW_20160927_100000_Morning_Joe.thumbs/MSNBCW_20160927_100000_Morning_Joe_009898.jpg,"we grip this and deal with it, both at home and abroad. if you look on twitter this morning, you will see a tweet from donald trump that states the concept of global warming was created by and for the chinese in order to make u.s."
https://archive.org/details/MSNBCW_20160905_190000_MSNBC_Live#start/3013/end/3048,9/5/2016 19:50:28,MSNBC,MSNBC Live,MSNBCW_20160905_190000_MSNBC_Live,https://archive.org/download/MSNBCW_20160905_190000_MSNBC_Live/MSNBCW_20160905_190000_MSNBC_Live.thumbs/MSNBCW_20160905_190000_MSNBC_Live_002997.jpg,"everything that happened and wanting to stop people from coming into the country. it was all politics. they need to understand science. they need to understand global warming and they need to understand threats to the american populous. turning to one of the president's other agenda items,"
https://archive.org/details/MSNBCW_20160917_030000_All_In_With_Chris_Hayes#start/2262/end/2297,9/17/2016 3:37:57,MSNBC,All In With Chris Hayes,MSNBCW_20160917_030000_All_In_With_Chris_Hayes,https://archive.org/download/MSNBCW_20160917_030000_All_In_With_Chris_Hayes/MSNBCW_20160917_030000_All_In_With_Chris_Hayes.thumbs/MSNBCW_20160917_030000_All_In_With_Chris_Hayes_002247.jpg,"she wouldn't go as far as i would but she -- what is trump's position on climate change? it's a hoax perpetrated by the chinese. that's insane."
https://archive.org/details/MSNBCW_20160905_090000_MSNBC_Live#start/2202/end/2237,9/5/2016 9:36:57,MSNBC,MSNBC Live,MSNBCW_20160905_090000_MSNBC_Live,https://archive.org/download/MSNBCW_20160905_090000_MSNBC_Live/MSNBCW_20160905_090000_MSNBC_Live.thumbs/MSNBCW_20160905_090000_MSNBC_Live_002188.jpg,"related to climate change, and the issue of brexit. he had also discussion with the prime minister of britain. he did. those meetings went well, they say."
https://archive.org/details/MSNBCW_20160928_190000_The_Place_for_Politics_2016#start/1896/end/1931,9/28/2016 19:31:51,MSNBC,The Place for Politics 2016,MSNBCW_20160928_190000_The_Place_for_Politics_2016,https://archive.org/download/MSNBCW_20160928_190000_The_Place_for_Politics_2016/MSNBCW_20160928_190000_The_Place_for_Politics_2016.thumbs/MSNBCW_20160928_190000_The_Place_for_Politics_2016_001887.jpg,"ballot, too. it is whether or not we continue the fight climate change or we give into denial -- [ applause ] this is a big deal, i never"
https://archive.org/details/MSNBCW_20160906_190000_The_Place_for_Politics_2016#start/374/end/409,9/6/2016 19:06:29,MSNBC,The Place for Politics 2016,MSNBCW_20160906_190000_The_Place_for_Politics_2016,https://archive.org/download/MSNBCW_20160906_190000_The_Place_for_Politics_2016/MSNBCW_20160906_190000_The_Place_for_Politics_2016.thumbs/MSNBCW_20160906_190000_The_Place_for_Politics_2016_000357.jpg,"another threat to our country is climate change. 2015 was the hottest year on record and the science is clear, it's real, it's rewreaking havo on countries across america."
https://archive.org/details/MSNBCW_20160906_190000_The_Place_for_Politics_2016#start/454/end/489,9/6/2016 19:07:49,MSNBC,The Place for Politics 2016,MSNBCW_20160906_190000_The_Place_for_Politics_2016,https://archive.org/download/MSNBCW_20160906_190000_The_Place_for_Politics_2016/MSNBCW_20160906_190000_The_Place_for_Politics_2016.thumbs/MSNBCW_20160906_190000_The_Place_for_Politics_2016_000447.jpg,"infrastructure to help protect regions from flooding and other effects of climate change. i'll work on the international and national level to turn the clock back to stabilize and"
https://archive.org/details/MSNBCW_20160920_140000_MSNBC_Live#start/1850/end/1885,9/20/2016 14:31:05,MSNBC,MSNBC Live,MSNBCW_20160920_140000_MSNBC_Live,https://archive.org/download/MSNBCW_20160920_140000_MSNBC_Live/MSNBCW_20160920_140000_MSNBC_Live.thumbs/MSNBCW_20160920_140000_MSNBC_Live_001828.jpg,"establishing a framework to protect our planet from the ravages of climate change. this is important work. it has made a real difference in the lives of our people."
https://archive.org/details/MSNBCW_20160915_190000_The_Place_for_Politics_2016#start/2935/end/2970,9/15/2016 19:49:10,MSNBC,The Place for Politics 2016,MSNBCW_20160915_190000_The_Place_for_Politics_2016,https://archive.org/download/MSNBCW_20160915_190000_The_Place_for_Politics_2016/MSNBCW_20160915_190000_The_Place_for_Politics_2016.thumbs/MSNBCW_20160915_190000_The_Place_for_Politics_2016_002908.jpg,"fight against climate change so we can leave your kids a healthy planet. [ applause ] my opponent in this race disagrees with me on every one of these fronts."
https://archive.org/details/MSNBCW_20160919_090000_First_Look#start/1080/end/1115,9/19/2016 9:18:15,MSNBC,First Look,MSNBCW_20160919_090000_First_Look,https://archive.org/download/MSNBCW_20160919_090000_First_Look/MSNBCW_20160919_090000_First_Look.thumbs/MSNBCW_20160919_090000_First_Look_001078.jpg,"i mean, isil, north korea, poverty, climate change, none of those things weighed on my mind like the validity of my birth certificate. in other breaking news, the"
https://archive.org/details/MSNBCW_20160904_030000_Dateline_Extra#start/3122/end/3157,9/4/2016 3:52:17,MSNBC,Dateline Extra,MSNBCW_20160904_030000_Dateline_Extra,https://archive.org/download/MSNBCW_20160904_030000_Dateline_Extra/MSNBCW_20160904_030000_Dateline_Extra.thumbs/MSNBCW_20160904_030000_Dateline_Extra_003114.jpg,"a historic joint project to elevate climate change issues. the bilateral discussions that we had yesterday were extremely productive. and continue to point to big areas of cooperation."
https://archive.org/details/MSNBCW_20160922_090000_First_Look#start/1222/end/1257,9/22/2016 9:20:37,MSNBC,First Look,MSNBCW_20160922_090000_First_Look,https://archive.org/download/MSNBCW_20160922_090000_First_Look/MSNBCW_20160922_090000_First_Look.thumbs/MSNBCW_20160922_090000_First_Look_001197.jpg,"this year. oh, come on. yeah, it's called hotlanta for a reason. remember yesterday he talked about global warming. i don't know if you use that phrase, but the heat around the globe. thanks, bill. still ahead, everyone, the nba season gets under way next month. officials are seeking ideas for"
https://archive.org/details/MSNBCW_20160902_100000_Morning_Joe#start/1326/end/1361,9/2/2016 10:22:21,MSNBC,Morning Joe,MSNBCW_20160902_100000_Morning_Joe,https://archive.org/download/MSNBCW_20160902_100000_Morning_Joe/MSNBCW_20160902_100000_Morning_Joe.thumbs/MSNBCW_20160902_100000_Morning_Joe_001317.jpg,"lot of scientists said because of global warming, florida was going to be hit by a multitude of hurricanes every single year. what happened? ten years -- well, i tell you what happened. all right. i bought a generator in florida. and i spent a lot of money on"
https://archive.org/details/MSNBCW_20160927_090000_First_Look#start/2410/end/2445,9/27/2016 9:40:25,MSNBC,First Look,MSNBCW_20160927_090000_First_Look,https://archive.org/download/MSNBCW_20160927_090000_First_Look/MSNBCW_20160927_090000_First_Look.thumbs/MSNBCW_20160927_090000_First_Look_002397.jpg,"i think it's important that we grip this and deal with it, both at home and abroad. despite trump's multiple protests, social media was quick to point to his 2012 tweet which reads, the concept of global warming was created by and for the chinese in order to make"
https://archive.org/details/MSNBCW_20160906_190000_The_Place_for_Politics_2016#start/610/end/645,9/6/2016 19:10:25,MSNBC,The Place for Politics 2016,MSNBCW_20160906_190000_The_Place_for_Politics_2016,https://archive.org/download/MSNBCW_20160906_190000_The_Place_for_Politics_2016/MSNBCW_20160906_190000_The_Place_for_Politics_2016.thumbs/MSNBCW_20160906_190000_The_Place_for_Politics_2016_000597.jpg,"respond to major public health crises and pandemics. this will complemeplement our es to deal with these crises and because of climate change we'll have more of them because of"
https://archive.org/details/MSNBCW_20160920_140000_MSNBC_Live#start/1469/end/1504,9/20/2016 14:24:44,MSNBC,MSNBC Live,MSNBCW_20160920_140000_MSNBC_Live,https://archive.org/download/MSNBCW_20160920_140000_MSNBC_Live/MSNBCW_20160920_140000_MSNBC_Live.thumbs/MSNBCW_20160920_140000_MSNBC_Live_001468.jpg,"climate change. we have an international coalition. isis, the international coalition, i think, was built a lot through european countries, nato countries, but also, the united states. obviously, there's some issues"
https://archive.org/details/MSNBCW_20160917_000000_All_In_With_Chris_Hayes#start/2107/end/2142,9/17/2016 0:35:22,MSNBC,All In With Chris Hayes,MSNBCW_20160917_000000_All_In_With_Chris_Hayes,https://archive.org/download/MSNBCW_20160917_000000_All_In_With_Chris_Hayes/MSNBCW_20160917_000000_All_In_With_Chris_Hayes.thumbs/MSNBCW_20160917_000000_All_In_With_Chris_Hayes_002097.jpg,"community which tells us that cl climate change is real to the entire planet. you don't run a campaign based on bigotry trying to decide you us up and scapegoating muslims"
https://archive.org/details/MSNBCW_20160917_030000_All_In_With_Chris_Hayes#start/2121/end/2156,9/17/2016 3:35:36,MSNBC,All In With Chris Hayes,MSNBCW_20160917_030000_All_In_With_Chris_Hayes,https://archive.org/download/MSNBCW_20160917_030000_All_In_With_Chris_Hayes/MSNBCW_20160917_030000_All_In_With_Chris_Hayes.thumbs/MSNBCW_20160917_030000_All_In_With_Chris_Hayes_002097.jpg,"you don't ignore the scientific community which tells us that climate change is real to the entire planet. you don't run a campaign based on bigotry trying to decide you"
https://archive.org/details/MSNBCW_20160927_160000_The_Place_for_Politics_2016#start/879/end/914,9/27/2016 16:14:54,MSNBC,The Place for Politics 2016,MSNBCW_20160927_160000_The_Place_for_Politics_2016,https://archive.org/download/MSNBCW_20160927_160000_The_Place_for_Politics_2016/MSNBCW_20160927_160000_The_Place_for_Politics_2016.thumbs/MSNBCW_20160927_160000_The_Place_for_Politics_2016_000867.jpg,"talk more about things like college affordability. climate change which she did talk about. do you think she needs to get sharper? millennials are one of the most inclusive and tolerant"
https://archive.org/details/MSNBCW_20160927_190000_The_Place_for_Politics_2016#start/1921/end/1956,9/27/2016 19:32:16,MSNBC,The Place for Politics 2016,MSNBCW_20160927_190000_The_Place_for_Politics_2016,https://archive.org/download/MSNBCW_20160927_190000_The_Place_for_Politics_2016/MSNBCW_20160927_190000_The_Place_for_Politics_2016.thumbs/MSNBCW_20160927_190000_The_Place_for_Politics_2016_001917.jpg,"was made in jest and sarcasm, but he certainly is quite firm in saying climate change is a hoax. he just hired a major climate denier as one of his transition"
https://archive.org/details/MSNBCW_20160906_190000_The_Place_for_Politics_2016#start/516/end/551,9/6/2016 19:08:51,MSNBC,The Place for Politics 2016,MSNBCW_20160906_190000_The_Place_for_Politics_2016,https://archive.org/download/MSNBCW_20160906_190000_The_Place_for_Politics_2016/MSNBCW_20160906_190000_The_Place_for_Politics_2016.thumbs/MSNBCW_20160906_190000_The_Place_for_Politics_2016_000507.jpg,"matter to him. when it comes to protecting our country against natural disasters and the threat of climate change once again donald trump is totally unfit and unqualified to be our president."
https://archive.org/details/MSNBCW_20160920_140000_MSNBC_Live#start/2826/end/2861,9/20/2016 14:47:21,MSNBC,MSNBC Live,MSNBCW_20160920_140000_MSNBC_Live,https://archive.org/download/MSNBCW_20160920_140000_MSNBC_Live/MSNBCW_20160920_140000_MSNBC_Live.thumbs/MSNBCW_20160920_140000_MSNBC_Live_002818.jpg,"climate change. if we don't act boldly, the bill that could come due will be mass migrations and cities submerged and nations displaced and food supplies decimated and conflicts born of despair."
https://archive.org/details/MSNBCW_20160918_120000_PoliticsNation_With_Al_Sharpton#start/1797/end/1832,9/18/2016 12:30:12,MSNBC,PoliticsNation With Al Sharpton,MSNBCW_20160918_120000_PoliticsNation_With_Al_Sharpton,https://archive.org/download/MSNBCW_20160918_120000_PoliticsNation_With_Al_Sharpton/MSNBCW_20160918_120000_PoliticsNation_With_Al_Sharpton.thumbs/MSNBCW_20160918_120000_PoliticsNation_With_Al_Sharpton_001797.jpg,"i mean, isil, north korea, poverty, climate change, none of those things weighed on my mind like the validity of my birth certificate. in other breaking news, the world is round, not flat."
https://archive.org/details/MSNBCW_20160914_100000_Morning_Joe#start/5786/end/5821,9/14/2016 11:36:41,MSNBC,Morning Joe,MSNBCW_20160914_100000_Morning_Joe,https://archive.org/download/MSNBCW_20160914_100000_Morning_Joe/MSNBCW_20160914_100000_Morning_Joe.thumbs/MSNBCW_20160914_100000_Morning_Joe_005787.jpg,"answering for myself and not hillary, there's not a great deal of difference between what donald trump has said on the campaign trail that people find appalling. climate change is a hoax."
https://archive.org/details/MSNBCW_20160927_050000_Live_Post_Debate#start/144/end/179,9/27/2016 5:02:39,MSNBC,Live Post Debate,MSNBCW_20160927_050000_Live_Post_Debate,https://archive.org/download/MSNBCW_20160927_050000_Live_Post_Debate/MSNBCW_20160927_050000_Live_Post_Debate.thumbs/MSNBCW_20160927_050000_Live_Post_Debate_000117.jpg,"in all fairness to secretary clinton, yes, is that okay. good. i want you to be very happy. it's important to me. donald thinks climate change is a hoax perpetrated by the"
https://archive.org/details/MSNBCW_20160903_130000_MSNBC_Live#start/776/end/811,9/3/2016 13:13:11,MSNBC,MSNBC Live,MSNBCW_20160903_130000_MSNBC_Live,https://archive.org/download/MSNBCW_20160903_130000_MSNBC_Live/MSNBCW_20160903_130000_MSNBC_Live.thumbs/MSNBCW_20160903_130000_MSNBC_Live_000778.jpg,"how important is this deal for the administration, ron? certainly a legacy issue for him, for president obama, who strongly believes that climate change is one of the biggest threats to mankind."
https://archive.org/details/MSNBCW_20160925_190000_The_Place_for_Politics_2016#start/3317/end/3352,9/25/2016 19:55:32,MSNBC,The Place for Politics 2016,MSNBCW_20160925_190000_The_Place_for_Politics_2016,https://archive.org/download/MSNBCW_20160925_190000_The_Place_for_Politics_2016/MSNBCW_20160925_190000_The_Place_for_Politics_2016.thumbs/MSNBCW_20160925_190000_The_Place_for_Politics_2016_003297.jpg,"program. sabrina, are those the kind of issues you're hearing fellow students talk about? i don't think as many republicans are as concerned about climate change as the democratic supporters are, but i"
https://archive.org/details/MSNBCW_20160926_230000_MSNBC_Debate_Preview#start/2773/end/2808,9/26/2016 23:46:28,MSNBC,MSNBC Debate Preview,MSNBCW_20160926_230000_MSNBC_Debate_Preview,https://archive.org/download/MSNBCW_20160926_230000_MSNBC_Debate_Preview/MSNBCW_20160926_230000_MSNBC_Debate_Preview.thumbs/MSNBCW_20160926_230000_MSNBC_Debate_Preview_002757.jpg,"in tax breaks to the top 1%. who thinks that makes sense? trump does not want to raise the minimum wage. clinton wants to raise the minimum wage to a living wage. the scientists tell us, as you all know, that global warming is a real. it's a real threat to our"
https://archive.org/details/MSNBCW_20160930_220000_With_All_Due_Respect#start/1072/end/1107,9/30/2016 22:18:07,MSNBC,With All Due Respect,MSNBCW_20160930_220000_With_All_Due_Respect,https://archive.org/download/MSNBCW_20160930_220000_With_All_Due_Respect/MSNBCW_20160930_220000_With_All_Due_Respect.thumbs/MSNBCW_20160930_220000_With_All_Due_Respect_001047.jpg,"on free tuition and based on the global warming issue alone, are not rushing out and studying, and i think it's a pure perception thing. it's not your mother, it's your father's candidate. i think this is a step in the right direction, because all millennials are about getting back, world community, so i"
https://archive.org/details/MSNBCW_20160903_110000_MSNBC_Live#start/677/end/712,9/3/2016 11:11:32,MSNBC,MSNBC Live,MSNBCW_20160903_110000_MSNBC_Live,https://archive.org/download/MSNBCW_20160903_110000_MSNBC_Live/MSNBCW_20160903_110000_MSNBC_Live.thumbs/MSNBCW_20160903_110000_MSNBC_Live_000657.jpg,"sign on to the paris climate change agreement ahead of the g20 summit. this is the single best chance that we have to deal a problem that could end up transforming this planet in a"
https://archive.org/details/MSNBCW_20160928_230000_Hardball_With_Chris_Matthews#start/1789/end/1824,9/28/2016 23:30:04,MSNBC,Hardball With Chris Matthews,MSNBCW_20160928_230000_Hardball_With_Chris_Matthews,https://archive.org/download/MSNBCW_20160928_230000_Hardball_With_Chris_Matthews/MSNBCW_20160928_230000_Hardball_With_Chris_Matthews.thumbs/MSNBCW_20160928_230000_Hardball_With_Chris_Matthews_001768.jpg,"when as depressed the price of coal is right now, you can build a gas fire plant for less. how many here are concerned about climate change? pretty unanimous. except the guy with the beard."
https://archive.org/details/MSNBCW_20160916_190000_The_Place_for_Politics_2016#start/1333/end/1368,9/16/2016 19:22:28,MSNBC,The Place for Politics 2016,MSNBCW_20160916_190000_The_Place_for_Politics_2016,https://archive.org/download/MSNBCW_20160916_190000_The_Place_for_Politics_2016/MSNBCW_20160916_190000_The_Place_for_Politics_2016.thumbs/MSNBCW_20160916_190000_The_Place_for_Politics_2016_001318.jpg,"on november 8th, you will decide whether we have a president who believes in science and will fight climate change or not. you will decide whether we have a president who will honor our"
https://archive.org/details/MSNBCW_20160914_070000_All_In_With_Chris_Hayes#start/3479/end/3514,9/14/2016 7:58:14,MSNBC,All In With Chris Hayes,MSNBCW_20160914_070000_All_In_With_Chris_Hayes,https://archive.org/download/MSNBCW_20160914_070000_All_In_With_Chris_Hayes/MSNBCW_20160914_070000_All_In_With_Chris_Hayes.thumbs/MSNBCW_20160914_070000_All_In_With_Chris_Hayes_003477.jpg,"like climate change is real, like organic food? can donald trump just lead anyone to any belief? i like organic food. this is the thing i keep coming back to and it's like i"
https://archive.org/details/MSNBCW_20160927_130000_The_Place_for_Politics_2016#start/3091/end/3126,9/27/2016 13:51:46,MSNBC,The Place for Politics 2016,MSNBCW_20160927_130000_The_Place_for_Politics_2016,https://archive.org/download/MSNBCW_20160927_130000_The_Place_for_Politics_2016/MSNBCW_20160927_130000_The_Place_for_Politics_2016.thumbs/MSNBCW_20160927_130000_The_Place_for_Politics_2016_003087.jpg,"we'll take a look at the candidates' claims on taxes and dig a bit deeper into donald trump's climate change. was it a hoax created by china? she's a slob. she ate like a pig."
https://archive.org/details/MSNBCW_20160928_190000_The_Place_for_Politics_2016#start/2814/end/2849,9/28/2016 19:47:09,MSNBC,The Place for Politics 2016,MSNBCW_20160928_190000_The_Place_for_Politics_2016,https://archive.org/download/MSNBCW_20160928_190000_The_Place_for_Politics_2016/MSNBCW_20160928_190000_The_Place_for_Politics_2016.thumbs/MSNBCW_20160928_190000_The_Place_for_Politics_2016_002787.jpg,"supporting a candidate that's decisive. secretary clinton says she never imagine that during a debate she would have to say that the climate change is real. that's an issue that resonates with these younger voters."
https://archive.org/details/MSNBCW_20160905_090000_MSNBC_Live#start/395/end/430,9/5/2016 9:06:50,MSNBC,MSNBC Live,MSNBCW_20160905_090000_MSNBC_Live,https://archive.org/download/MSNBCW_20160905_090000_MSNBC_Live/MSNBCW_20160905_090000_MSNBC_Live.thumbs/MSNBCW_20160905_090000_MSNBC_Live_000388.jpg,"on his next stop, this as accomplishing some things there in china such as the issue related to climate change, and the issue of brexit. he had also discussion with the prime minister of britain."
https://archive.org/details/MSNBCW_20160906_190000_The_Place_for_Politics_2016#start/487/end/522,9/6/2016 19:08:22,MSNBC,The Place for Politics 2016,MSNBCW_20160906_190000_The_Place_for_Politics_2016,https://archive.org/download/MSNBCW_20160906_190000_The_Place_for_Politics_2016/MSNBCW_20160906_190000_The_Place_for_Politics_2016.thumbs/MSNBCW_20160906_190000_The_Place_for_Politics_2016_000477.jpg,"hi doesn't believe in climate change, he says it's a hoax invented by the chinese and says 'you can't get hurt by extreme weather.' this is the same guy who hat on of his golf courses has demanded"
https://archive.org/details/MSNBCW_20160920_000000_All_In_With_Chris_Hayes#start/2861/end/2896,9/20/2016 0:47:56,MSNBC,All In With Chris Hayes,MSNBCW_20160920_000000_All_In_With_Chris_Hayes,https://archive.org/download/MSNBCW_20160920_000000_All_In_With_Chris_Hayes/MSNBCW_20160920_000000_All_In_With_Chris_Hayes.thumbs/MSNBCW_20160920_000000_All_In_With_Chris_Hayes_002847.jpg,"i mean, isis, north korea, poverty, climate change, none of those things weighed on my mind like the validity of my birth certificate. president obama serving donald trump some snark on saturday night. the congressional black caucus"
https://archive.org/details/MSNBCW_20160917_000000_All_In_With_Chris_Hayes#start/2254/end/2289,9/17/2016 0:37:49,MSNBC,All In With Chris Hayes,MSNBCW_20160917_000000_All_In_With_Chris_Hayes,https://archive.org/download/MSNBCW_20160917_000000_All_In_With_Chris_Hayes/MSNBCW_20160917_000000_All_In_With_Chris_Hayes.thumbs/MSNBCW_20160917_000000_All_In_With_Chris_Hayes_002247.jpg,"would but she -- what is trump's position on climate change? it's a hoax perpetrated by the chinese. that's insane. i think to say you disagree on this or that. you may not like her on every"
https://archive.org/details/MSNBCW_20160904_030000_Dateline_Extra#start/2360/end/2395,9/4/2016 3:39:35,MSNBC,Dateline Extra,MSNBCW_20160904_030000_Dateline_Extra,https://archive.org/download/MSNBCW_20160904_030000_Dateline_Extra/MSNBCW_20160904_030000_Dateline_Extra.thumbs/MSNBCW_20160904_030000_Dateline_Extra_001807.jpg,"indispensable role in achieving landmark agreements on climate change, on issues of energy security and global development. we will continue to count on being able to stand together, stand strong with our british friends, to make sure that"
https://archive.org/details/MSNBCW_20160903_093000_Your_Business#start/1269/end/1304,9/3/2016 9:51:24,MSNBC,Your Business,MSNBCW_20160903_093000_Your_Business,https://archive.org/download/MSNBCW_20160903_093000_Your_Business/MSNBCW_20160903_093000_Your_Business.thumbs/MSNBCW_20160903_093000_Your_Business_001257.jpg,"consequences of climate change and pave the way for more progress in the coming years. this is the single best chance that we have to deal with a problem that could end up transforming this planet in a"
https://archive.org/details/MSNBCW_20160903_093000_Your_Business#start/1431/end/1466,9/3/2016 9:54:06,MSNBC,Your Business,MSNBCW_20160903_093000_Your_Business,https://archive.org/download/MSNBCW_20160903_093000_Your_Business/MSNBCW_20160903_093000_Your_Business.thumbs/MSNBCW_20160903_093000_Your_Business_001407.jpg,"that is the president. he's addressing climate change. he's in china. the u.s. formally announced it will join the emissions cutting agreement reached in paris last year joining china in that agreement. right now we'll return to our programming."
https://archive.org/details/MSNBCW_20160927_050000_Live_Post_Debate#start/1165/end/1200,9/27/2016 5:19:40,MSNBC,Live Post Debate,MSNBCW_20160927_050000_Live_Post_Debate,https://archive.org/download/MSNBCW_20160927_050000_Live_Post_Debate/MSNBCW_20160927_050000_Live_Post_Debate.thumbs/MSNBCW_20160927_050000_Live_Post_Debate_001137.jpg,"two machines. let's start the clock again, lester. here's a point of fact. he said he had never said that the concept of climate change was a chinese hoax. here is a trump tweet from 2012."
https://archive.org/details/MSNBCW_20160929_220000_With_All_Due_Respect#start/3176/end/3211,9/29/2016 22:53:11,MSNBC,With All Due Respect,MSNBCW_20160929_220000_With_All_Due_Respect,https://archive.org/download/MSNBCW_20160929_220000_With_All_Due_Respect/MSNBCW_20160929_220000_With_All_Due_Respect.thumbs/MSNBCW_20160929_220000_With_All_Due_Respect_003177.jpg,"going to go? anyway, go ahead. next jen, the tom stoddard super pac has done some research with project new american. and what it shows us isn't surprising. that they care about climate change, they care about college"
https://archive.org/details/MSNBCW_20160929_050000_JohnsonWeld_Town_Hall#start/1745/end/1780,9/29/2016 5:29:20,MSNBC,JohnsonWeld Town Hall,MSNBCW_20160929_050000_JohnsonWeld_Town_Hall,https://archive.org/download/MSNBCW_20160929_050000_JohnsonWeld_Town_Hall/MSNBCW_20160929_050000_JohnsonWeld_Town_Hall.thumbs/MSNBCW_20160929_050000_JohnsonWeld_Town_Hall_001347.jpg,"as potentially moving toward a more stufl sufficient country in the future? climate change. that it is man caused. that we should reduce carbon emission. it is happening. we're 16% of the world's carbon emission load."
https://archive.org/details/MSNBCW_20160914_000000_All_In_With_Chris_Hayes#start/3490/end/3525,9/14/2016 0:58:25,MSNBC,All In With Chris Hayes,MSNBCW_20160914_000000_All_In_With_Chris_Hayes,https://archive.org/download/MSNBCW_20160914_000000_All_In_With_Chris_Hayes/MSNBCW_20160914_000000_All_In_With_Chris_Hayes.thumbs/MSNBCW_20160914_000000_All_In_With_Chris_Hayes_003477.jpg,"among conservatives. is this a long con? can we get him to convince conservatives to like everything? like climate change is real, like organic food? can donald trump just lead anyone to any belief? i like organic food."
https://archive.org/details/MSNBCW_20160928_100000_Morning_Joe#start/10238/end/10273,9/28/2016 12:50:53,MSNBC,Morning Joe,MSNBCW_20160928_100000_Morning_Joe,https://archive.org/download/MSNBCW_20160928_100000_Morning_Joe/MSNBCW_20160928_100000_Morning_Joe.thumbs/MSNBCW_20160928_100000_Morning_Joe_010227.jpg,"against climate change. well, the arctic is warming faster than any other place on earth. alaska, for example, has warmed about 4 degrees in the summer, 7 degrees in the winter and that's having profound effects on a"
https://archive.org/details/MSNBCW_20160929_070000_All_In_With_Chris_Hayes#start/2184/end/2219,9/29/2016 7:36:39,MSNBC,All In With Chris Hayes,MSNBCW_20160929_070000_All_In_With_Chris_Hayes,https://archive.org/download/MSNBCW_20160929_070000_All_In_With_Chris_Hayes/MSNBCW_20160929_070000_All_In_With_Chris_Hayes.thumbs/MSNBCW_20160929_070000_All_In_With_Chris_Hayes_002158.jpg,"stand for idealogically? there's a fair amount of consensus, sick leave, climate change, regulation, raising the minimum wage, things like that. but in terms of what you're fighting against, in some ways the republican party seems so"
https://archive.org/details/MSNBCW_20160929_210000_MTP_Daily#start/2761/end/2796,9/29/2016 21:46:16,MSNBC,MTP Daily,MSNBCW_20160929_210000_MTP_Daily,https://archive.org/download/MSNBCW_20160929_210000_MTP_Daily/MSNBCW_20160929_210000_MTP_Daily.thumbs/MSNBCW_20160929_210000_MTP_Daily_002757.jpg,"came in fourth behind job creation and spending. people prioritize health care slightly more than they prioritize climate change, which is to say not much right now. or maybe it's that trump is not the right messenger for the"
https://archive.org/details/MSNBCW_20160929_210000_MTP_Daily#start/3146/end/3181,9/29/2016 21:52:41,MSNBC,MTP Daily,MSNBCW_20160929_210000_MTP_Daily,https://archive.org/download/MSNBCW_20160929_210000_MTP_Daily/MSNBCW_20160929_210000_MTP_Daily.thumbs/MSNBCW_20160929_210000_MTP_Daily_003147.jpg,"hillary clinton really took a shot, almost, we saw that earlier. but there's actually an ad, tom steyer, the climate change advocate, may run for governor in 2014, he's running a super pac ad about gary johnson."
https://archive.org/details/MSNBCW_20160928_200000_The_Place_for_Politics_2016#start/1682/end/1717,9/28/2016 20:28:17,MSNBC,The Place for Politics 2016,MSNBCW_20160928_200000_The_Place_for_Politics_2016,https://archive.org/download/MSNBCW_20160928_200000_The_Place_for_Politics_2016/MSNBCW_20160928_200000_The_Place_for_Politics_2016.thumbs/MSNBCW_20160928_200000_The_Place_for_Politics_2016_001677.jpg,"a student loan plan and when you look at the contrast from the debate last night, think about it. or two nights ago. you have hillary clinton talking about climate change and that's a big issue for millennials."
https://archive.org/details/MSNBCW_20160928_190000_The_Place_for_Politics_2016#start/3049/end/3084,9/28/2016 19:51:04,MSNBC,The Place for Politics 2016,MSNBCW_20160928_190000_The_Place_for_Politics_2016,https://archive.org/download/MSNBCW_20160928_190000_The_Place_for_Politics_2016/MSNBCW_20160928_190000_The_Place_for_Politics_2016.thumbs/MSNBCW_20160928_190000_The_Place_for_Politics_2016_003027.jpg,"and rolling out the college plan. the clinton campaign is trying to pivot to the positive parts of secretary's proposals. she mentioned a climate change and lgbt's rights and women's rights and there needs to be a"
https://archive.org/details/MSNBCW_20160928_000000_All_In_With_Chris_Hayes#start/321/end/356,9/28/2016 0:05:36,MSNBC,All In With Chris Hayes,MSNBCW_20160928_000000_All_In_With_Chris_Hayes,https://archive.org/download/MSNBCW_20160928_000000_All_In_With_Chris_Hayes/MSNBCW_20160928_000000_All_In_With_Chris_Hayes.thumbs/MSNBCW_20160928_000000_All_In_With_Chris_Hayes_000298.jpg,"o'donnell, and i'm quoting, deserves it. claimed when confronted with his habit of stiffing contractors, they did bad work and denied having described climate change as a hoax perpetrated by the chinese despite this still live"
https://archive.org/details/MSNBCW_20160930_000000_All_In_With_Chris_Hayes#start/2983/end/3018,9/30/2016 0:49:58,MSNBC,All In With Chris Hayes,MSNBCW_20160930_000000_All_In_With_Chris_Hayes,https://archive.org/download/MSNBCW_20160930_000000_All_In_With_Chris_Hayes/MSNBCW_20160930_000000_All_In_With_Chris_Hayes.thumbs/MSNBCW_20160930_000000_All_In_With_Chris_Hayes_002967.jpg,"stro supports the unfettered flow of money into politics like citizens united allowed. largely opposes regulations to combat climate change and wants to lower taxes on the rich while slashing public spending by a gargantuan amount."
https://archive.org/details/MSNBCW_20160926_220000_All_In_With_Chris_Hayes#start/2347/end/2382,9/26/2016 22:39:22,MSNBC,All In With Chris Hayes,MSNBCW_20160926_220000_All_In_With_Chris_Hayes,https://archive.org/download/MSNBCW_20160926_220000_All_In_With_Chris_Hayes/MSNBCW_20160926_220000_All_In_With_Chris_Hayes.thumbs/MSNBCW_20160926_220000_All_In_With_Chris_Hayes_002337.jpg,"change. you have the hottest year on record, that was last year, and that was supplanted by last year, the hottest august on record. do you think we'll talk about climate change? that's up to the moderator."
https://archive.org/details/MSNBCW_20160925_200000_The_Place_for_Politics_2016#start/2658/end/2693,9/25/2016 20:44:33,MSNBC,The Place for Politics 2016,MSNBCW_20160925_200000_The_Place_for_Politics_2016,https://archive.org/download/MSNBCW_20160925_200000_The_Place_for_Politics_2016/MSNBCW_20160925_200000_The_Place_for_Politics_2016.thumbs/MSNBCW_20160925_200000_The_Place_for_Politics_2016_002638.jpg,"about the crisis regarding climate change. clinton has a pretty strong program. let me tell you, when we played that bernie sanders sound, the audience behind me started cheering at the mention of bernie sanders' name. jesse, is that kind of appeal"
https://archive.org/details/MSNBCW_20160915_210000_MTP_Daily#start/479/end/514,9/15/2016 21:08:14,MSNBC,MTP Daily,MSNBCW_20160915_210000_MTP_Daily,https://archive.org/download/MSNBCW_20160915_210000_MTP_Daily/MSNBCW_20160915_210000_MTP_Daily.thumbs/MSNBCW_20160915_210000_MTP_Daily_000477.jpg,"wael taking on climate change where we can create clean energy jobs that makes america a superpower in the 20th century. i don't think it's been all trump. it's about hillary clinton, how we work in an competent that has"
https://archive.org/details/MSNBCW_20160903_120000_MSNBC_Live#start/751/end/786,9/3/2016 12:12:46,MSNBC,MSNBC Live,MSNBCW_20160903_120000_MSNBC_Live,https://archive.org/download/MSNBCW_20160903_120000_MSNBC_Live/MSNBCW_20160903_120000_MSNBC_Live.thumbs/MSNBCW_20160903_120000_MSNBC_Live_000747.jpg,"both sign on to the paris climate change agreement. he made the announcement in china ahead of the g-20 summit. together, the u.s. and china represent about 40% of global emissions, so today we are moving the world significantly"
https://archive.org/details/MSNBCW_20160928_100000_Morning_Joe#start/10378/end/10413,9/28/2016 12:53:13,MSNBC,Morning Joe,MSNBCW_20160928_100000_Morning_Joe,https://archive.org/download/MSNBCW_20160928_100000_Morning_Joe/MSNBCW_20160928_100000_Morning_Joe.thumbs/MSNBCW_20160928_100000_Morning_Joe_010377.jpg,"of the republican nominee calling this whole thing a hoax as it pertains to climate change? you know, i'm hopeful that as time goes by more and more people, including people running for public office, will take the time to really understand this"
https://archive.org/details/MSNBCW_20160927_090000_First_Look#start/2396/end/2431,9/27/2016 9:40:11,MSNBC,First Look,MSNBCW_20160927_090000_First_Look,https://archive.org/download/MSNBCW_20160927_090000_First_Look/MSNBCW_20160927_090000_First_Look.thumbs/MSNBCW_20160927_090000_First_Look_002397.jpg,"some country is going to be the clean energy super power of the 21st century. donald thinks that climate change is a hoax perpetrated by the chinese. i think it's real -- i did not -- the science is real -- i do not say that."
https://archive.org/details/MSNBCW_20160927_210000_MTP_Daily#start/2513/end/2548,9/27/2016 21:42:08,MSNBC,MTP Daily,MSNBCW_20160927_210000_MTP_Daily,https://archive.org/download/MSNBCW_20160927_210000_MTP_Daily/MSNBCW_20160927_210000_MTP_Daily.thumbs/MSNBCW_20160927_210000_MTP_Daily_002487.jpg,"change where he thinks it's a hoax is absurd. a lot of younger people are concerned about the cost of college and climate change and they will come on board secretary clinton's campaign. your name did make an appearance at the debate."
https://archive.org/details/MSNBCW_20160914_220000_With_All_Due_Respect#start/3309/end/3344,9/14/2016 22:55:24,MSNBC,With All Due Respect,MSNBCW_20160914_220000_With_All_Due_Respect,https://archive.org/download/MSNBCW_20160914_220000_With_All_Due_Respect/MSNBCW_20160914_220000_With_All_Due_Respect.thumbs/MSNBCW_20160914_220000_With_All_Due_Respect_003297.jpg,"for her diplomat which i if she wanted him to. the other issue, and i think people don't know this as much. he is obsessed with climate change and clean energy. that has been an obsession of his for years."
https://archive.org/details/MSNBCW_20160916_100000_Morning_Joe#start/9876/end/9911,9/16/2016 12:44:51,MSNBC,Morning Joe,MSNBCW_20160916_100000_Morning_Joe,https://archive.org/download/MSNBCW_20160916_100000_Morning_Joe/MSNBCW_20160916_100000_Morning_Joe.thumbs/MSNBCW_20160916_100000_Morning_Joe_008542.jpg,"rejects science and says that climate change is a hoax? when the scientists are telling us it's the great global crisis that we face? so i think that if you look at the issues, raising minimum wage, rebuilding our infrastructure, expanding health"
https://archive.org/details/MSNBCW_20160928_100000_Morning_Joe#start/10330/end/10365,9/28/2016 12:52:25,MSNBC,Morning Joe,MSNBCW_20160928_100000_Morning_Joe,https://archive.org/download/MSNBCW_20160928_100000_Morning_Joe/MSNBCW_20160928_100000_Morning_Joe.thumbs/MSNBCW_20160928_100000_Morning_Joe_010317.jpg,"climate change, i think there's still time to do something about it. but we have to pay close attention to the really dire warning signs that we're seeing in the arctic right now. these images are stunning. it's so interesting, joe, that"
https://archive.org/details/MSNBCW_20160927_090000_First_Look#start/2381/end/2416,9/27/2016 9:39:56,MSNBC,First Look,MSNBCW_20160927_090000_First_Look,https://archive.org/download/MSNBCW_20160927_090000_First_Look/MSNBCW_20160927_090000_First_Look.thumbs/MSNBCW_20160927_090000_First_Look_002367.jpg,"months and she claims to be a feminist.' well, hillary clinton went after donald trump last night over their starkly different positions position s on climate change. clinton noted trump believes it to be a hoax, over trump's multiple objections. take clean energy."
https://archive.org/details/MSNBCW_20160929_020000_The_Last_Word_With_Lawrence_ODonnell#start/2057/end/2092,9/29/2016 2:34:32,MSNBC,The Last Word With Lawrence ODonnell,MSNBCW_20160929_020000_The_Last_Word_With_Lawrence_ODonnell,https://archive.org/download/MSNBCW_20160929_020000_The_Last_Word_With_Lawrence_ODonnell/MSNBCW_20160929_020000_The_Last_Word_With_Lawrence_ODonnell.thumbs/MSNBCW_20160929_020000_The_Last_Word_With_Lawrence_ODonnell_002037.jpg,"worry about climate change because eventually the sun will explode. i don't see him as a serious y guy. when i heard that question tonight, david, i have to say i went into a stall. since nelson mandela, i don't"
https://archive.org/details/MSNBCW_20160927_150000_The_Place_for_Politics_2016#start/338/end/373,9/27/2016 15:05:53,MSNBC,The Place for Politics 2016,MSNBCW_20160927_150000_The_Place_for_Politics_2016,https://archive.org/download/MSNBCW_20160927_150000_The_Place_for_Politics_2016/MSNBCW_20160927_150000_The_Place_for_Politics_2016.thumbs/MSNBCW_20160927_150000_The_Place_for_Politics_2016_000327.jpg,"pull our country together, set some big goals on infrastructure and advanced manufacturing and clean energy, take on climate change, which, by the way, is not a hoax made up by the chinese. and do everything that i talked about."
https://archive.org/details/MSNBCW_20160927_150000_The_Place_for_Politics_2016#start/952/end/987,9/27/2016 15:16:07,MSNBC,The Place for Politics 2016,MSNBCW_20160927_150000_The_Place_for_Politics_2016,https://archive.org/download/MSNBCW_20160927_150000_The_Place_for_Politics_2016/MSNBCW_20160927_150000_The_Place_for_Politics_2016.thumbs/MSNBCW_20160927_150000_The_Place_for_Politics_2016_000927.jpg,"and climate change being a hoax. we'll look at the biggest whoppers of the night but preliminary statistics from facebook, the overall top social moment from last night's debate when trump said his strongest asset is his temperament. these goofy glasses."
https://archive.org/details/MSNBCW_20160927_150000_The_Place_for_Politics_2016#start/1791/end/1826,9/27/2016 15:30:06,MSNBC,The Place for Politics 2016,MSNBCW_20160927_150000_The_Place_for_Politics_2016,https://archive.org/download/MSNBCW_20160927_150000_The_Place_for_Politics_2016/MSNBCW_20160927_150000_The_Place_for_Politics_2016.thumbs/MSNBCW_20160927_150000_The_Place_for_Politics_2016_001767.jpg,"believed last night and this morning that secretary clinton won the debate, not only just on the sub sastance but the style. everything from, to your point, about the climate change issue. but also on trade and also on taxes, so forth."
https://archive.org/details/MSNBCW_20160927_100000_Morning_Joe#start/9883/end/9918,9/27/2016 12:44:58,MSNBC,Morning Joe,MSNBCW_20160927_100000_Morning_Joe,https://archive.org/download/MSNBCW_20160927_100000_Morning_Joe/MSNBCW_20160927_100000_Morning_Joe.thumbs/MSNBCW_20160927_100000_Morning_Joe_009868.jpg,"some country is going to be the clean energy superpower of the 21st century. donald thinks that climate change is a hoax. perpetrated by the chinese. i think it's real. i did not. i do not say that. i think it's important that"
https://archive.org/details/MSNBCW_20160903_130000_MSNBC_Live#start/746/end/781,9/3/2016 13:12:41,MSNBC,MSNBC Live,MSNBCW_20160903_130000_MSNBC_Live,https://archive.org/download/MSNBCW_20160903_130000_MSNBC_Live/MSNBCW_20160903_130000_MSNBC_Live.thumbs/MSNBCW_20160903_130000_MSNBC_Live_000748.jpg,"set. that means full implementation of this agreement will help delay some of the worst consequences of climate change and pave the way for more progress in the coming years. joining us live now from china is nbc's ron allen."
https://archive.org/details/MSNBCW_20160905_060000_Meet_the_Press#start/2184/end/2219,9/5/2016 6:36:39,MSNBC,Meet the Press,MSNBCW_20160905_060000_Meet_the_Press,https://archive.org/download/MSNBCW_20160905_060000_Meet_the_Press/MSNBCW_20160905_060000_Meet_the_Press.thumbs/MSNBCW_20160905_060000_Meet_the_Press_002158.jpg,"look at the issues. which candidate will rais the minimum wage. which candidate will make them tuition free. which candidate will do something about the great environmental crisis we face, which is climate change, which is hillary clinton, and which"
https://archive.org/details/MSNBCW_20160919_220000_With_All_Due_Respect#start/3364/end/3399,9/19/2016 22:56:19,MSNBC,With All Due Respect,MSNBCW_20160919_220000_With_All_Due_Respect,https://archive.org/download/MSNBCW_20160919_220000_With_All_Due_Respect/MSNBCW_20160919_220000_With_All_Due_Respect.thumbs/MSNBCW_20160919_220000_With_All_Due_Respect_003357.jpg,"made, by continuing to raise wablgs for low and middle income families. and making sure that we're also continuing to reduce the deficit. let's make sure that we're building on our progress in fighting the causes of climate change. let's make sure that we are more effectively -- josh --  _          _"
https://archive.org/details/MSNBCW_20160903_120000_MSNBC_Live#start/874/end/909,9/3/2016 12:14:49,MSNBC,MSNBC Live,MSNBCW_20160903_120000_MSNBC_Live,https://archive.org/download/MSNBCW_20160903_120000_MSNBC_Live/MSNBCW_20160903_120000_MSNBC_Live.thumbs/MSNBCW_20160903_120000_MSNBC_Live_000867.jpg,"couple of decades i daresay to try to forge some kind of agreement amongst the nations of the world about what to do about climate change. they failed. this has happened. it's happened in paris at the end of last year. there still needs to be several"
https://archive.org/details/MSNBCW_20160903_093000_Your_Business#start/1094/end/1129,9/3/2016 9:48:29,MSNBC,Your Business,MSNBCW_20160903_093000_Your_Business,https://archive.org/download/MSNBCW_20160903_093000_Your_Business/MSNBCW_20160903_093000_Your_Business.thumbs/MSNBCW_20160903_093000_Your_Business_001077.jpg,"we have breaking news at the hour. we'll talk to president obama making comments in china about climate change. central to that effort. over the past few years, our joint leadership on climate has been one of the most significant drivers of global action."
https://archive.org/details/MSNBCW_20160918_140000_AM_Joy#start/5455/end/5490,9/18/2016 15:31:10,MSNBC,AM Joy,MSNBCW_20160918_140000_AM_Joy,https://archive.org/download/MSNBCW_20160918_140000_AM_Joy/MSNBCW_20160918_140000_AM_Joy.thumbs/MSNBCW_20160918_140000_AM_Joy_005457.jpg,"general and possibly the middle east in specific. because he's one of the most talented diplomats, i think people across the spectrum agree. i think people don't know this as well, he's obsessed with climate change and particularly the economics of a transition to"
https://archive.org/details/MSNBCW_20160903_110000_MSNBC_Live#start/3626/end/3661,9/3/2016 12:00:41,MSNBC,MSNBC Live,MSNBCW_20160903_110000_MSNBC_Live,https://archive.org/download/MSNBCW_20160903_110000_MSNBC_Live/MSNBCW_20160903_110000_MSNBC_Live.thumbs/MSNBCW_20160903_110000_MSNBC_Live_003627.jpg,"and more dangerous for tens of millions. we're tracking tropical storm hermine's slow go up the east coast. halfway around the globe, president obama arrives in china and pledges america's support in a landmark battle plan against climate change. and on the campaign trail,"
https://archive.org/details/MSNBCW_20160927_100000_Morning_Joe#start/9930/end/9965,9/27/2016 12:45:45,MSNBC,Morning Joe,MSNBCW_20160927_100000_Morning_Joe,https://archive.org/download/MSNBCW_20160927_100000_Morning_Joe/MSNBCW_20160927_100000_Morning_Joe.thumbs/MSNBCW_20160927_100000_Morning_Joe_009928.jpg,"where he called climate change a hoax. this isn't a one-off. what donald trump's position is, the hoax is some bureaucrats in washington, d.c. can change the climate of the earth. you know what a hoax is, willie geist. that whole moon landing thing,"
https://archive.org/details/MSNBCW_20160916_100000_Morning_Joe#start/10142/end/10177,9/16/2016 12:49:17,MSNBC,Morning Joe,MSNBCW_20160916_100000_Morning_Joe,https://archive.org/download/MSNBCW_20160916_100000_Morning_Joe/MSNBCW_20160916_100000_Morning_Joe.thumbs/MSNBCW_20160916_100000_Morning_Joe_008542.jpg,"mr. trump, do you really think that when the entire scientific community tells us that climate change is real and a threat to the entire planet, that you think it's a hoax? what's your scientific basis for that? mr. trump, tell me what you're going to do?"
https://archive.org/details/MSNBCW_20160928_100000_Morning_Joe#start/10173/end/10208,9/28/2016 12:49:48,MSNBC,Morning Joe,MSNBCW_20160928_100000_Morning_Joe,https://archive.org/download/MSNBCW_20160928_100000_Morning_Joe/MSNBCW_20160928_100000_Morning_Joe.thumbs/MSNBCW_20160928_100000_Morning_Joe_010167.jpg,"circle. the reason we're here in particular is to describe in real concrete terms to describe what's happening with climate change. this is ground zero where we're seeing the effects of what's happening. it is not going to be contained unless we are serious about"
https://archive.org/details/MSNBCW_20160928_100000_Morning_Joe#start/10395/end/10430,9/28/2016 12:53:30,MSNBC,Morning Joe,MSNBCW_20160928_100000_Morning_Joe,https://archive.org/download/MSNBCW_20160928_100000_Morning_Joe/MSNBCW_20160928_100000_Morning_Joe.thumbs/MSNBCW_20160928_100000_Morning_Joe_010377.jpg,"issue. it shouldn't be a partisan issue. it should be one of the most important things that we as a nation and we as a world focus on, which is why president obama has really elevated the attention given, not only to climate change but to the"
https://archive.org/details/MSNBCW_20160927_160000_The_Place_for_Politics_2016#start/1325/end/1360,9/27/2016 16:22:20,MSNBC,The Place for Politics 2016,MSNBCW_20160927_160000_The_Place_for_Politics_2016,https://archive.org/download/MSNBCW_20160927_160000_The_Place_for_Politics_2016/MSNBCW_20160927_160000_The_Place_for_Politics_2016.thumbs/MSNBCW_20160927_160000_The_Place_for_Politics_2016_001317.jpg,"i want to play an exchange and get your reaction on the other side. donald thinks climate change is a hoax perpetrated by the chinese. i think it is real -- i did not say that. i do not say that. in 2012 he tweeted this."
https://archive.org/details/MSNBCW_20160929_210000_MTP_Daily#start/3160/end/3195,9/29/2016 21:52:55,MSNBC,MTP Daily,MSNBCW_20160929_210000_MTP_Daily,https://archive.org/download/MSNBCW_20160929_210000_MTP_Daily/MSNBCW_20160929_210000_MTP_Daily.thumbs/MSNBCW_20160929_210000_MTP_Daily_003147.jpg,"here it is. thinking about voting for garris johnson? in case you missed it, climate change will cost millennials over $8 trillion if no one does anything about it. so gary, you got this, right? we should be building new"
https://archive.org/details/MSNBCW_20160928_200000_The_Place_for_Politics_2016#start/1699/end/1734,9/28/2016 20:28:34,MSNBC,The Place for Politics 2016,MSNBCW_20160928_200000_The_Place_for_Politics_2016,https://archive.org/download/MSNBCW_20160928_200000_The_Place_for_Politics_2016/MSNBCW_20160928_200000_The_Place_for_Politics_2016.thumbs/MSNBCW_20160928_200000_The_Place_for_Politics_2016_001677.jpg,"he sent out a tweet and lied about it that he said climate change is a hoax perpetrated by the chinese. you have the fact that hillary clinton is out there on issues like housing and puts a plan forward that won't add to the"
https://archive.org/details/MSNBCW_20160927_160000_The_Place_for_Politics_2016#start/1356/end/1391,9/27/2016 16:22:51,MSNBC,The Place for Politics 2016,MSNBCW_20160927_160000_The_Place_for_Politics_2016,https://archive.org/download/MSNBCW_20160927_160000_The_Place_for_Politics_2016/MSNBCW_20160927_160000_The_Place_for_Politics_2016.thumbs/MSNBCW_20160927_160000_The_Place_for_Politics_2016_001347.jpg,"vice presidential nominee went on the 'today' show and said, look, he was saying it in a joking manner, not being serious about it. bottom line, an issue like climate change, could that hurt his chances of trying to win over some key millennial voters?"
https://archive.org/details/MSNBCW_20160929_000000_All_In_With_Chris_Hayes#start/2198/end/2233,9/29/2016 0:36:53,MSNBC,All In With Chris Hayes,MSNBCW_20160929_000000_All_In_With_Chris_Hayes,https://archive.org/download/MSNBCW_20160929_000000_All_In_With_Chris_Hayes/MSNBCW_20160929_000000_All_In_With_Chris_Hayes.thumbs/MSNBCW_20160929_000000_All_In_With_Chris_Hayes_002188.jpg,"there's a fair amount of consensus, sick leave, climate change, regulation, raising the minimum wage, things like that. but in terms of what you're fighting against, in some ways the republican party seems so idealogically confused at the moment that it's a little hard"
https://archive.org/details/MSNBCW_20160925_190000_The_Place_for_Politics_2016#start/3302/end/3337,9/25/2016 19:55:17,MSNBC,The Place for Politics 2016,MSNBCW_20160925_190000_The_Place_for_Politics_2016,https://archive.org/download/MSNBCW_20160925_190000_The_Place_for_Politics_2016/MSNBCW_20160925_190000_The_Place_for_Politics_2016.thumbs/MSNBCW_20160925_190000_The_Place_for_Politics_2016_003297.jpg,"clinton understands that at a time of massive income and wealth inequality the people on top are going to have to start paying their fair share of taxes. john, young people are very concerned, appropriately so, about the crisis regarding climate change. clinton has a pretty strong"
https://archive.org/details/MSNBCW_20160927_140000_The_Place_for_Politics_2016#start/428/end/463,9/27/2016 14:07:23,MSNBC,The Place for Politics 2016,MSNBCW_20160927_140000_The_Place_for_Politics_2016,https://archive.org/download/MSNBCW_20160927_140000_The_Place_for_Politics_2016/MSNBCW_20160927_140000_The_Place_for_Politics_2016.thumbs/MSNBCW_20160927_140000_The_Place_for_Politics_2016_000417.jpg,"party candidates. gary johnson with 16% of millennials. she was going to focus on college affordability, climate change and of course, jobs. those are the types of issues that resonate with younger voters and she didn't spend a lot of time talking about those"
https://archive.org/details/MSNBCW_20160927_060000_NBC_News_Special_2016_Presidential_Debate_1#start/1053/end/1088,9/27/2016 6:17:48,MSNBC,NBC News Special 2016 Presidential Debate 1,MSNBCW_20160927_060000_NBC_News_Special_2016_Presidential_Debate_1,https://archive.org/download/MSNBCW_20160927_060000_NBC_News_Special_2016_Presidential_Debate_1/MSNBCW_20160927_060000_NBC_News_Special_2016_Presidential_Debate_1.thumbs/MSNBCW_20160927_060000_NBC_News_Special_2016_Presidential_Debate_1_001047.jpg,"grow the economy. take clean energy. some country is going to be the clean energy super power of the 21st century. donald thinks that climate change is a hoax, perpetrated by the chinese. i think it's real -- i did not, i do not -- i do            _"
https://archive.org/details/MSNBCW_20160920_140000_MSNBC_Live#start/1452/end/1487,9/20/2016 14:24:27,MSNBC,MSNBC Live,MSNBCW_20160920_140000_MSNBC_Live,https://archive.org/download/MSNBCW_20160920_140000_MSNBC_Live/MSNBCW_20160920_140000_MSNBC_Live.thumbs/MSNBCW_20160920_140000_MSNBC_Live_001438.jpg,"i think he has. i think his legacy will be a good one. look at what he's done through the u.n. system on climate change. i think the u.n. secretary general helped but it was president obama and his agreement with china and his various initiatives to put"
https://archive.org/details/MSNBCW_20160923_100000_Morning_Joe#start/10423/end/10458,9/23/2016 12:53:58,MSNBC,Morning Joe,MSNBCW_20160923_100000_Morning_Joe,https://archive.org/download/MSNBCW_20160923_100000_Morning_Joe/MSNBCW_20160923_100000_Morning_Joe.thumbs/MSNBCW_20160923_100000_Morning_Joe_010408.jpg,"again, the u.n. has all come together behind these goals and you're carrying it forward so everyone around the world knows about them. shout out to 'morning joe' family members who are a big part of all of this. absolutely. speaking of climate change, you know, my brother works in"
https://archive.org/details/MSNBCW_20160903_120000_MSNBC_Live#start/29/end/64,9/3/2016 12:00:44,MSNBC,MSNBC Live,MSNBCW_20160903_120000_MSNBC_Live,https://archive.org/download/MSNBCW_20160903_120000_MSNBC_Live/MSNBCW_20160903_120000_MSNBC_Live.thumbs/MSNBCW_20160903_120000_MSNBC_Live_000057.jpg,"we're tracking tropical storm hermine's slow go up the east coast. halfway around the globe, president obama arrives in china and pledges america's support in a landmark battle plan against climate change. and on the campaign trail, donald trump again tries to appeal to african-americans."
https://archive.org/details/MSNBCW_20160903_120000_MSNBC_Live#start/767/end/802,9/3/2016 12:13:02,MSNBC,MSNBC Live,MSNBCW_20160903_120000_MSNBC_Live,https://archive.org/download/MSNBCW_20160903_120000_MSNBC_Live/MSNBCW_20160903_120000_MSNBC_Live.thumbs/MSNBCW_20160903_120000_MSNBC_Live_000747.jpg,"closer to the goal that we have set. that means full implementation of this agreement will help delay or avoid some of the worst consequences of climate change and pave the way for more progress in coming years. nbc's ron allen is joining me now live from china."
https://archive.org/details/MSNBCW_20160920_150000_MSNBC_Live#start/1231/end/1266,9/20/2016 15:20:46,MSNBC,MSNBC Live,MSNBCW_20160920_150000_MSNBC_Live,https://archive.org/download/MSNBCW_20160920_150000_MSNBC_Live/MSNBCW_20160920_150000_MSNBC_Live.thumbs/MSNBCW_20160920_150000_MSNBC_Live_001227.jpg,"climate change, interestingly, another area that globally, he's focused on and the paris climate agreement, for example, something he was pushing that more nations of the world need to get involved in to go into effect. but the idea that we are, we need to save our planet, which"
https://archive.org/details/MSNBCW_20160920_150000_MSNBC_Live#start/1263/end/1298,9/20/2016 15:21:18,MSNBC,MSNBC Live,MSNBCW_20160920_150000_MSNBC_Live,https://archive.org/download/MSNBCW_20160920_150000_MSNBC_Live/MSNBCW_20160920_150000_MSNBC_Live.thumbs/MSNBCW_20160920_150000_MSNBC_Live_001257.jpg,"to address climate change. and yes, i think going forward he will be very engaged and active former president. very young man who feels like his work is not done, but the next month through october, we also know that president obama's going to be on the campaign"
https://archive.org/details/MSNBCW_20160903_093000_Your_Business#start/1208/end/1243,9/3/2016 9:50:23,MSNBC,Your Business,MSNBCW_20160903_093000_Your_Business,https://archive.org/download/MSNBCW_20160903_093000_Your_Business/MSNBCW_20160903_093000_Your_Business.thumbs/MSNBCW_20160903_093000_Your_Business_001197.jpg,"emissions. so today we are moving the world significantly closer to the goal that we have set. we have a saying in america that you need to put your money where your mouth is. and when it comes to combatting climate change, that's what we're doing, both the united"
https://archive.org/details/MSNBCW_20160913_180000_The_Place_for_Politics_2016#start/551/end/586,9/13/2016 18:09:26,MSNBC,The Place for Politics 2016,MSNBCW_20160913_180000_The_Place_for_Politics_2016,https://archive.org/download/MSNBCW_20160913_180000_The_Place_for_Politics_2016/MSNBCW_20160913_180000_The_Place_for_Politics_2016.thumbs/MSNBCW_20160913_180000_The_Place_for_Politics_2016_000537.jpg,"we can keep making progress against climate change. this month was the hottest on record. this year's going to end up being the hottest on record. this is not somebody's imagination. this is not some liberal plot. it's a problem. but we've got to vote for people who will actually understand"
https://archive.org/details/MSNBCW_20160929_020000_The_Last_Word_With_Lawrence_ODonnell#start/3450/end/3485,9/29/2016 2:57:45,MSNBC,The Last Word With Lawrence ODonnell,MSNBCW_20160929_020000_The_Last_Word_With_Lawrence_ODonnell,https://archive.org/download/MSNBCW_20160929_020000_The_Last_Word_With_Lawrence_ODonnell/MSNBCW_20160929_020000_The_Last_Word_With_Lawrence_ODonnell.thumbs/MSNBCW_20160929_020000_The_Last_Word_With_Lawrence_ODonnell_003447.jpg,"and this wall street ceos who were breaking the law shore, be treated as criminals. well need to fix our criminal justice system. we need climate change like the existential threat it is, she will motive people. she will give people a reason to vote for her and not cast some"
https://archive.org/details/MSNBCW_20160903_130000_MSNBC_Live#start/762/end/797,9/3/2016 13:12:57,MSNBC,MSNBC Live,MSNBCW_20160903_130000_MSNBC_Live,https://archive.org/download/MSNBCW_20160903_130000_MSNBC_Live/MSNBCW_20160903_130000_MSNBC_Live.thumbs/MSNBCW_20160903_130000_MSNBC_Live_000748.jpg,"he's traveling there with the president. ron, good to have you with us. let's talk about two important things. one, this is the last trip for president obama to asia, but more importantly this deal that he's announcing regarding climate change, also a big priority for president obama throughout his administration."
https://archive.org/details/MSNBCW_20160908_090000_First_Look#start/1509/end/1544,9/8/2016 9:25:24,MSNBC,First Look,MSNBCW_20160908_090000_First_Look,https://archive.org/download/MSNBCW_20160908_090000_First_Look/MSNBCW_20160908_090000_First_Look.thumbs/MSNBCW_20160908_090000_First_Look_001497.jpg,"continuing to share information to prevent terrorism and the flow of foreign fighters. given the threat of climate change to all our nations, especially countries in this region, we agreed on the importance of bringing the paris agreement into force as soon as possible. we agreed to cooperation in the"
https://archive.org/details/MSNBCW_20160925_190000_The_Place_for_Politics_2016#start/3349/end/3384,9/25/2016 19:56:04,MSNBC,The Place for Politics 2016,MSNBCW_20160925_190000_The_Place_for_Politics_2016,https://archive.org/download/MSNBCW_20160925_190000_The_Place_for_Politics_2016/MSNBCW_20160925_190000_The_Place_for_Politics_2016.thumbs/MSNBCW_20160925_190000_The_Place_for_Politics_2016_003327.jpg,"we have the scientific evidence that shows that climate change is real and it's happening and it's something that will impact our future. you know, clinton does follow bernie sanders' points where she does believe this is something we need to correct. what do you think about just"
https://archive.org/details/MSNBCW_20160925_140000_AM_Joy#start/6282/end/6317,9/25/2016 15:44:57,MSNBC,AM Joy,MSNBCW_20160925_140000_AM_Joy,https://archive.org/download/MSNBCW_20160925_140000_AM_Joy/MSNBCW_20160925_140000_AM_Joy.thumbs/MSNBCW_20160925_140000_AM_Joy_006267.jpg,"it's an anti-hillary vote and i get people don't like hillary and all of that, but intelligent people do know that there is climate change, that there are certain realities in the world that we have to address and donald trump just doesn't want to address those things, so,"
https://archive.org/details/MSNBCW_20160927_010000_NBC_News_Special_2016_Presidential_Debate_1#start/1042/end/1077,9/27/2016 1:17:37,MSNBC,NBC News Special 2016 Presidential Debate 1,MSNBCW_20160927_010000_NBC_News_Special_2016_Presidential_Debate_1,https://archive.org/download/MSNBCW_20160927_010000_NBC_News_Special_2016_Presidential_Debate_1/MSNBCW_20160927_010000_NBC_News_Special_2016_Presidential_Debate_1.thumbs/MSNBCW_20160927_010000_NBC_News_Special_2016_Presidential_Debate_1_001017.jpg,"investments where we can grow the economy. take clean energy. some country is going to be the clean energy superpower of the 21st century. donald thinks that climate change is a hoax perpetrated by the chinese. i think it's real. i did not. i do not say that."
https://archive.org/details/MSNBCW_20160906_150000_The_Place_for_Politics_2016#start/1501/end/1536,9/6/2016 15:25:16,MSNBC,The Place for Politics 2016,MSNBCW_20160906_150000_The_Place_for_Politics_2016,https://archive.org/download/MSNBCW_20160906_150000_The_Place_for_Politics_2016/MSNBCW_20160906_150000_The_Place_for_Politics_2016.thumbs/MSNBCW_20160906_150000_The_Place_for_Politics_2016_001498.jpg,"the word count. she had, you know, several thousand more policy words to describe her policy than donald trump had on his website. and a lot of them will make a huge difference in the lives, particularly of young people, whether it's debt-free college or adjusting climate change. it will be our generation as"
https://archive.org/details/MSNBCW_20160929_050000_JohnsonWeld_Town_Hall#start/948/end/983,9/29/2016 5:16:03,MSNBC,JohnsonWeld Town Hall,MSNBCW_20160929_050000_JohnsonWeld_Town_Hall,https://archive.org/download/MSNBCW_20160929_050000_JohnsonWeld_Town_Hall/MSNBCW_20160929_050000_JohnsonWeld_Town_Hall.thumbs/MSNBCW_20160929_050000_JohnsonWeld_Town_Hall_000927.jpg,"let's talk about your first hand report on the top of kilimanjaro. do you think climate change is real in one the of candidates challenging you, hillary clinton, says it is very real. the other says it is a home. i think it is real and we as human beings are demanding less"
https://archive.org/details/MSNBCW_20160928_100000_Morning_Joe#start/9932/end/9967,9/28/2016 12:45:47,MSNBC,Morning Joe,MSNBCW_20160928_100000_Morning_Joe,https://archive.org/download/MSNBCW_20160928_100000_Morning_Joe/MSNBCW_20160928_100000_Morning_Joe.thumbs/MSNBCW_20160928_100000_Morning_Joe_009927.jpg,"and your president thinks. there's a lot to unpack in that statement from donald trump from monday night's debate, but we'll stick to the climate change part on it. needles to say, the white house has a slightly different view on the matter. up next, we'll explain the landmark event taking place in"
https://archive.org/details/MSNBCW_20160927_130000_The_Place_for_Politics_2016#start/2188/end/2223,9/27/2016 13:36:43,MSNBC,The Place for Politics 2016,MSNBCW_20160927_130000_The_Place_for_Politics_2016,https://archive.org/download/MSNBCW_20160927_130000_The_Place_for_Politics_2016/MSNBCW_20160927_130000_The_Place_for_Politics_2016.thumbs/MSNBCW_20160927_130000_The_Place_for_Politics_2016_002187.jpg,"that. climate change, he did say it. all right, thanks. we'll have much more fact checking coming up on msnbc, the place for politics. but i keep it growing by making every dollar count. that's why i have the spark cash card from capital one. with it, i earn unlimited 2% cash back on"
https://archive.org/details/MSNBCW_20160926_230000_MSNBC_Debate_Preview#start/2896/end/2931,9/26/2016 23:48:31,MSNBC,MSNBC Debate Preview,MSNBCW_20160926_230000_MSNBC_Debate_Preview,https://archive.org/download/MSNBCW_20160926_230000_MSNBC_Debate_Preview/MSNBCW_20160926_230000_MSNBC_Debate_Preview.thumbs/MSNBCW_20160926_230000_MSNBC_Debate_Preview_002877.jpg,"climate change is a hoax? i think not. if you're working out there and making nine bucks an hour, clinton wants to raise the minimum wage to a living wage. trump does not. it's a big deal. think about how these candidates are coming down on the important issues facing the american"
https://archive.org/details/MSNBCW_20160929_020000_The_Last_Word_With_Lawrence_ODonnell#start/2041/end/2076,9/29/2016 2:34:16,MSNBC,The Last Word With Lawrence ODonnell,MSNBCW_20160929_020000_The_Last_Word_With_Lawrence_ODonnell,https://archive.org/download/MSNBCW_20160929_020000_The_Last_Word_With_Lawrence_ODonnell/MSNBCW_20160929_020000_The_Last_Word_With_Lawrence_ODonnell.thumbs/MSNBCW_20160929_020000_The_Last_Word_With_Lawrence_ODonnell_002037.jpg,"but i can't believe he couldn't name a single person anywhere. let's give him credit. he didn't say putin, which might have been trump's answer. and for all the millennials out there who are voting for gary johnson, i looked up his climate change position the other day. and he said we don't have to"
https://archive.org/details/MSNBCW_20160929_020000_The_Last_Word_With_Lawrence_ODonnell#start/2116/end/2151,9/29/2016 2:35:31,MSNBC,The Last Word With Lawrence ODonnell,MSNBCW_20160929_020000_The_Last_Word_With_Lawrence_ODonnell,https://archive.org/download/MSNBCW_20160929_020000_The_Last_Word_With_Lawrence_ODonnell/MSNBCW_20160929_020000_The_Last_Word_With_Lawrence_ODonnell.thumbs/MSNBCW_20160929_020000_The_Last_Word_With_Lawrence_ODonnell_002097.jpg,"donald trump. but i do think he needs a good look at. i don't think he wants to have the government help young people with college debt or college tuition since he is a libertarian. i mentioned his climate change position. and i tend to think as people look at him more closely and see"
https://archive.org/details/MSNBCW_20160903_130000_MSNBC_Live#start/715/end/750,9/3/2016 13:12:10,MSNBC,MSNBC Live,MSNBCW_20160903_130000_MSNBC_Live,https://archive.org/download/MSNBCW_20160903_130000_MSNBC_Live/MSNBCW_20160903_130000_MSNBC_Live.thumbs/MSNBCW_20160903_130000_MSNBC_Live_000688.jpg,"supporters here in detroit. ayman. trymaine lee following that for us. we'll check in with you throughout the course of the day. appreciate that update. now to some breaking news out of china from overnight. this morning president obama announced a climate change deal between the u.s. and china ahead"
https://archive.org/details/MSNBCW_20160919_220000_With_All_Due_Respect#start/988/end/1023,9/19/2016 22:16:43,MSNBC,With All Due Respect,MSNBCW_20160919_220000_With_All_Due_Respect,https://archive.org/download/MSNBCW_20160919_220000_With_All_Due_Respect/MSNBCW_20160919_220000_With_All_Due_Respect.thumbs/MSNBCW_20160919_220000_With_All_Due_Respect_000987.jpg,"i'll give you one example, climate change. i don't hear her talking about it very much. there are issues millennials care about. for instance, that i think she's got to prove to them that she earns their vote. but this is -- it is, i think, really importantly, this is partly a generational problem, where you see it most"
https://archive.org/details/MSNBCW_20160927_170000_The_Place_for_Politics_2016#start/3160/end/3195,9/27/2016 17:52:55,MSNBC,The Place for Politics 2016,MSNBCW_20160927_170000_The_Place_for_Politics_2016,https://archive.org/download/MSNBCW_20160927_170000_The_Place_for_Politics_2016/MSNBCW_20160927_170000_The_Place_for_Politics_2016.thumbs/MSNBCW_20160927_170000_The_Place_for_Politics_2016_003148.jpg,"the concerns they have and solutions that need to be put in place to deal with those problems. so, they want to hear about how we're going to deal with the high cost of college education, how we're going to deal with global climate change, which is an issue of concern for millenials, they want to hear"
https://archive.org/details/MSNBCW_20160930_000000_All_In_With_Chris_Hayes#start/2510/end/2545,9/30/2016 0:42:05,MSNBC,All In With Chris Hayes,MSNBCW_20160930_000000_All_In_With_Chris_Hayes,https://archive.org/download/MSNBCW_20160930_000000_All_In_With_Chris_Hayes/MSNBCW_20160930_000000_All_In_With_Chris_Hayes.thumbs/MSNBCW_20160930_000000_All_In_With_Chris_Hayes_002367.jpg,"donald thinks that climate change is a hoax. perpetrated by the chinese. i think it's real. i did not. science is real. i did not say that. and i think -- i do not -- i think it's important that we grip this and deal with it. thing one tonight, he did say that as we've shown many time,"
https://archive.org/details/MSNBCW_20160926_220000_All_In_With_Chris_Hayes#start/2316/end/2351,9/26/2016 22:38:51,MSNBC,All In With Chris Hayes,MSNBCW_20160926_220000_All_In_With_Chris_Hayes,https://archive.org/download/MSNBCW_20160926_220000_All_In_With_Chris_Hayes/MSNBCW_20160926_220000_All_In_With_Chris_Hayes.thumbs/MSNBCW_20160926_220000_All_In_With_Chris_Hayes_002307.jpg,"what we do know is hillary clinton has a plan for the future, and she knows how to give americans a raise in their wage and how to deal with climate change. she knows the issues. it's interesting to me what you are hitting. i feel like that is a preview of what they'll be hitting. thank you very much, donna"
https://archive.org/details/MSNBCW_20160926_220000_All_In_With_Chris_Hayes#start/2197/end/2232,9/26/2016 22:36:52,MSNBC,All In With Chris Hayes,MSNBCW_20160926_220000_All_In_With_Chris_Hayes,https://archive.org/download/MSNBCW_20160926_220000_All_In_With_Chris_Hayes/MSNBCW_20160926_220000_All_In_With_Chris_Hayes.thumbs/MSNBCW_20160926_220000_All_In_With_Chris_Hayes_002187.jpg,"have the most progressive platform in the history of the democratic party. so we're going to lift those issues up. everything from raising the wages to dealing with climate change, income inequality -- do you think we'll see a lot of that tonight, do you think? i think so. i think you're going to hear the substance, not just the sound bite from mr. trump. you'll hear a candidate that has"
